id,domain,status,purchase_price,renewal_price,attractiveness,demand,length,registrar,created_at,expires_at,status_verified_at
cbcfb73a-11bb-4776-8d1f-b49f46ccfac7,purchases.im,available,4.18,6.73,medium,low,9,spaceship,,,30/09/2026 07:19
930fc761-4daf-493a-93f2-36754c3bb268,referees.im,available,4.98,12.98,medium,low,8,namecheap,,,20/09/2026 11:54
ab13315d-4a33-4e5b-9be8-c78a67d1a4a7,disperse.im,available,7.95,9.28,high,low,8,dynadot,,,29/09/2026 13:55
ffb008a8-ba64-4953-9f54-3b9c0a441e62,thrust.im,available,4.98,12.98,high,low,6,namecheap,,,25/09/2026 00:11
bb7582fe-b929-4693-858b-c9d822ec37d0,positron.im,available,4.98,12.98,medium,low,8,namecheap,,,19/09/2026 14:21
4ef89f0e-f72d-4169-854a-59fbdac252b1,stagy.im,available,4.98,12.98,medium,low,5,namecheap,,,10/09/2026 18:04
4a2b0243-e223-4714-83a5-07e7bcbfcf83,gymnasium.im,available,4.18,6.73,high,low,9,spaceship,,,29/09/2026 01:11
85400139-fdcd-4e3f-9b5a-016c3531e1f5,tyrannical.im,available,4.98,12.98,medium,low,10,namecheap,,,07/08/2026 19:12
ce52f763-577d-4407-a7a4-48495fed70f6,floater.im,available,4.98,12.98,high,low,7,namecheap,,,13/09/2026 00:52
f65a9bb1-8198-4574-b556-5aa3c0888e66,lacklustre.im,available,4.98,12.98,medium,low,10,namecheap,,,22/08/2026 18:09
ff4a20fa-f331-4d5b-8b3a-7804128aa7d2,marrying.im,available,4.98,12.98,high,low,8,namecheap,,,27/09/2026 17:47
0d7218a2-6f23-4e12-817b-632ee8601d53,whoreson.im,available,4.98,12.98,low,low,8,namecheap,,,08/08/2026 23:43
bc8665a4-051a-44ec-8da6-21d1eb398b83,lag.im,available,,,high,low,3,,,,
e60b5c6b-f7b1-4d89-b27a-82648539818b,efficiently.im,available,4.18,6.73,medium,low,11,spaceship,,,30/09/2026 12:23
107c9531-452c-4be1-b0a1-8fe38a4ed4e5,protests.im,available,4.18,6.73,medium,low,8,spaceship,,,30/09/2026 07:34
494217c2-dff6-4d0c-b0fa-bdd8fde84f8d,arabella.im,available,4.18,6.73,medium,low,8,spaceship,,,01/10/2026 08:14
c610d52d-9b2b-43d8-a148-61bf9c3b6425,pernambuco.im,available,4.18,6.73,high,low,10,spaceship,,,30/09/2026 10:51
b84fd83a-a4ab-4f9a-af76-183bc3ee8ead,dearie.im,available,12.99,12.99,high,low,6,name.com,,,13/08/2026 18:19
5d310da1-2232-4fb6-8f62-eebcec60f957,yonder.im,available,4.98,12.98,high,low,6,namecheap,,,13/09/2026 14:45
f3fb13a1-8bbf-47ff-a31c-311cc20d81f6,reliever.im,available,4.98,12.98,high,low,8,namecheap,,,18/09/2026 10:02
2f4b13a8-eb1c-4b4b-b4d8-c38a415362e2,mirrored.im,available,4.98,12.98,medium,low,8,namecheap,,,25/08/2026 01:11
852bbfc5-b198-43cd-935b-95960cfbcbbb,beheaded.im,available,4.98,12.98,medium,low,8,namecheap,,,09/08/2026 10:21
ec3a58ae-b89e-4607-a41a-9c92e45b2b7c,informing.im,available,,,high,low,9,,,,
4eaea9de-459d-443f-86de-48f5bcfc8e3f,visitor.im,available,,,high,low,7,,,,
13d08eb4-cb3a-4a48-bbc0-eeca5ef9903c,stoner.im,available,4.18,6.73,high,low,6,spaceship,,,02/10/2026 05:35
d282731c-0a14-4a85-bfdf-a6dfec465351,watchful.im,available,4.98,12.98,high,low,8,namecheap,,,
5955dff2-4776-4b2d-ad9c-27077dc6a998,bowels.im,available,7.96,9.28,medium,low,6,dynadot,,,01/10/2026 18:47
01e2c871-a2ea-48ad-8830-bc7e1bc3e1d8,antebellum.im,available,4.98,12.98,medium,low,10,namecheap,,,
0e8f9574-cbc9-4dbb-b1ed-8571ab4cd68f,roxbury.im,available,4.98,12.98,medium,low,7,namecheap,,,28/09/2026 12:20
7220194e-1a84-4b10-9ca1-a82e015c80cd,quickly.im,available,,,high,low,7,,,,
55f69fe6-19af-48cf-99c3-054077021fab,baldhead.im,available,4.98,12.98,medium,low,8,namecheap,,,21/09/2026 21:41
b716fa32-9841-427a-877a-fa65f96eb16e,abyla.im,available,4.98,12.98,medium,low,5,namecheap,,,16/09/2026 15:53
cd7afe41-6810-4155-8649-c7bff581f8fd,wellborn.im,available,4.98,12.98,medium,low,8,namecheap,,,13/09/2026 10:42
2baf304e-a635-45bf-bf0c-94d2d9a87279,grocery.im,available,4.98,12.98,high,low,7,namecheap,,,08/09/2026 13:48
7f4e7788-2970-4cfb-b843-be78fa041792,mislaid.im,available,4.98,12.98,medium,low,7,namecheap,,,25/08/2026 01:30
2304e00a-9ef1-41f9-8402-68daed8573b3,peel.im,available,,,high,low,4,,,,
69ad26af-c889-4007-a680-29694ab33e24,albumin.im,available,4.98,12.98,medium,low,7,namecheap,,,18/09/2026 03:26
f21ae7ac-9c6c-481a-b1e1-cc1f426e52f1,unlatched.im,available,4.98,12.98,medium,low,9,namecheap,,,12/09/2026 01:38
08935896-51de-4fd4-a177-674649ab3424,chunk.im,available,4.98,12.98,medium,low,5,namecheap,,,29/09/2026 06:21
211f2b01-d4e4-4f16-8c64-add0440392d4,uncomplicated.im,available,,,high,low,13,,,,
a1a9f9e2-07e0-423f-8ecd-340ada1af639,aplite.im,available,4.98,12.98,medium,low,6,namecheap,,,19/09/2026 17:42
b8343eea-baff-47b6-ad23-00042be1c63a,eyck.im,available,4.18,6.73,high,low,4,spaceship,,,01/10/2026 19:31
52c9ffb9-4201-4d2a-b48c-89c0dce01c04,spring.im,available,,,high,medium,6,,,,
4b034a76-1425-4aa4-9e52-f95ad371875e,hardie.im,available,4.18,6.73,medium,low,6,spaceship,,,01/10/2026 11:41
61a7566c-6000-4e0c-ad9f-354f5d7d194b,ineffective.im,available,4.18,6.73,medium,low,11,spaceship,,,30/09/2026 12:11
06c3e196-826e-4946-865e-1aaff6da538b,lividity.im,available,4.98,12.98,medium,low,8,namecheap,,,17/09/2026 00:59
029f20dd-4a2e-4d60-98ed-b9a615c65d4b,cuddle.im,available,4.98,12.98,high,low,6,namecheap,,,24/09/2026 20:09
109099e6-5114-4f6d-8741-229bfb9a5f96,apache.im,available,4.98,12.98,high,low,6,namecheap,,,19/09/2026 16:09
308df36c-34af-40a9-b120-80697b4a392c,tyrone.im,available,7.95,9.28,high,low,6,dynadot,,,29/09/2026 20:57
590cb511-5fcf-4ac0-91e2-7bf02173d319,economies.im,available,4.18,6.73,high,low,9,spaceship,,,02/10/2026 03:52
b0bb37f0-faa7-4818-8b74-4e370ed3b2d0,reins.im,available,4.18,6.73,medium,low,5,spaceship,,,01/10/2026 15:51
5d9f29ae-0e04-41d8-80ba-8bddeb93220a,diskette.im,available,4.98,12.98,medium,low,8,namecheap,,,18/08/2026 08:53
81fa4a2f-badb-47f2-acbe-9e8d6b742b0f,tippy.im,available,4.98,12.98,medium,low,5,namecheap,,,13/08/2026 04:55
ca19302b-7fed-49b8-846e-d95f33d3193d,staples.im,available,7.92,9.24,high,medium,7,dynadot,,,02/10/2026 02:18
f46d6c86-cd68-4e79-acc2-4d2915840c75,wasting.im,available,4.98,12.98,medium,low,7,namecheap,,,21/09/2026 00:58
a1445b59-9fbc-4e9e-9962-b9aef66fec25,racism.im,available,4.18,6.73,medium,low,6,spaceship,,,29/09/2026 02:00
1503de04-e7bd-4dde-b1ba-2b1edc099498,badness.im,available,4.98,12.98,medium,low,7,namecheap,,,08/08/2026 07:23
9a6de359-d393-49f9-814b-3f666336f4fb,aplomb.im,available,4.98,12.98,high,low,6,namecheap,,,19/09/2026 17:47
a318a020-aaf5-4564-92f3-602b1d85cb4a,columbo.im,available,4.98,12.98,medium,low,7,namecheap,,,18/09/2026 19:32
ebd3fd90-c672-469c-b5f8-5b46e9fa1e5a,mythology.im,available,4.18,6.73,medium,low,9,spaceship,,,28/09/2026 14:56
6c44269c-c7bb-449c-a5c5-2ab69309555d,appointive.im,available,4.98,12.98,medium,low,10,namecheap,,,06/08/2026 07:16
69682b47-ba8a-4670-90e9-4da57d2c1652,gunnison.im,available,4.18,6.73,medium,low,8,spaceship,,,01/10/2026 12:09
9c90d1df-3a83-4772-bc6c-35f788ce2a17,escalator.im,available,4.18,6.73,high,low,9,spaceship,,,02/10/2026 04:44
2ebe7602-6837-4f5a-b6f6-dab297b84e47,stemless.im,available,4.98,12.98,medium,low,8,namecheap,,,
a3c9d718-53d3-481b-ab0a-073ad6e7f9ef,wounding.im,available,4.98,12.98,medium,low,8,namecheap,,,10/09/2026 17:53
9dafd255-6da1-48e6-9973-f6c17aa03718,trauma.im,available,,,high,low,6,,,,
77ac1764-d764-4e41-92d8-e1cd2b259698,birthmark.im,available,4.98,12.98,medium,low,9,namecheap,,,23/09/2026 21:13
33451f99-9d27-4fbb-bfa7-ca1a8cb8edfa,utah.im,available,4.98,12.98,high,low,4,namecheap,,,23/09/2026 01:17
9735deac-af9c-4abf-85ee-a01c79ccfaae,serpent.im,available,4.18,6.73,medium,low,7,spaceship,,,29/09/2026 01:45
27f8931c-f886-4e2b-affb-d91228371606,crustal.im,available,4.98,12.98,medium,low,7,namecheap,,,13/08/2026 09:20
1e5cce2b-c3ea-45c9-9794-269516c4b27f,huntingdon.im,available,4.18,6.73,medium,low,10,spaceship,,,28/09/2026 17:57
a5770dae-a2c9-4e95-91ed-c84b1ef7a3fd,suppliant.im,available,4.98,12.98,medium,low,9,namecheap,,,11/09/2026 02:30
faea6246-9792-42f6-b33a-d2512a2708e9,rayless.im,available,4.98,12.98,medium,low,7,namecheap,,,09/09/2026 10:46
643d47ad-ee60-4b8d-b3d7-b4686e4d3311,platonic.im,available,4.98,12.98,high,low,8,namecheap,,,08/09/2026 20:53
6133bcb9-b055-4c02-8195-6decd2be434f,cctv.im,resell,,,high,low,4,,,,30/09/2026 03:41
f9c41e6c-1f1e-42cb-922d-838c2267a31e,cunning.im,available,,,medium,low,7,,,,
87dad1c3-2022-4bf2-bec9-fd40d4188620,sacrificial.im,available,12.98,,medium,low,11,namecheap,,,
eb7a5e9a-3b0a-4807-bee8-955ac8fcbc53,sensing.im,available,,,high,low,7,,,,
d9175867-571d-4507-ab82-0b25e600d728,moms.im,available,4.18,6.73,high,low,4,spaceship,,,01/10/2026 18:00
438a9f11-7fb1-44f4-b9d0-38ab04b1f328,grouped.im,available,4.98,12.98,medium,low,7,namecheap,,,20/08/2026 20:22
03e911a4-8d15-4344-9df5-9e4313d80f18,mall.im,resell,,,high,low,4,,,,30/09/2026 03:46
1407663e-19a6-42d8-ba01-629da5baef56,janice.im,available,4.18,6.73,high,low,6,spaceship,,,27/09/2026 19:53
d4113246-d4c3-499e-9fcc-413320bd7a5d,modifiable.im,available,4.98,12.98,medium,low,10,namecheap,,,25/08/2026 03:12
dc3cc076-d40e-4ff5-b7bf-a090dd9589f0,acknowledge.im,available,4.18,6.73,high,low,11,spaceship,,,01/10/2026 00:33
7c2c4b51-1042-43f6-9786-8cf22482ba62,attire.im,available,4.98,12.98,high,low,6,namecheap,,,21/09/2026 01:52
4de45d3b-a0fa-4282-a272-de6f3010ced8,delighted.im,available,,,high,low,9,,,,
3477ef1c-384e-45af-9a5f-29cd6b93ad00,addiction.im,resell,,,high,low,9,,,,17/09/2026 06:53
20a06a5b-ebe2-45eb-9696-0f39390efe83,hoagy.im,available,4.98,12.98,medium,low,5,namecheap,,,24/09/2026 20:07
2d83a200-5242-44a4-a488-b7f5c07a5061,edged.im,available,12.99,12.99,medium,low,5,name.com,,,13/08/2026 13:14
b9c6db4a-ea80-4a1f-8bf8-a78cfbe7103b,deathless.im,available,12.99,12.99,medium,low,9,name.com,,,13/08/2026 20:02
32bd17cc-0c65-4d71-9c3f-13476118ffec,nitrogen.im,available,4.98,12.98,high,low,8,namecheap,,,20/09/2026 23:37
d394f03a-f618-4c46-9974-827cf6d0300f,aphorist.im,available,4.98,12.98,medium,low,8,namecheap,,,19/09/2026 17:11
b260d0a0-c987-49e0-8f33-4d3a23e566cb,gustatory.im,available,4.98,12.98,medium,low,9,namecheap,,,20/08/2026 21:07
bfcdb86e-02b3-4ed4-ae14-fc80e221ac65,theodora.im,available,4.18,6.73,medium,low,8,spaceship,,,30/09/2026 04:52
fe4d99e3-3c05-40b1-915f-809e61f4a405,thespian.im,available,4.98,12.98,high,low,8,namecheap,,,11/09/2026 13:05
5616af0f-4de9-411d-8ccf-b64ad1b502ef,profanely.im,available,4.98,12.98,low,low,9,namecheap,,,15/09/2026 21:40
794ecf77-9dc8-412f-9ef7-a8b8c8b2c4e4,brilliant.im,available,,,high,low,9,,,,
719e3d64-3fe8-46f1-aa91-0c1cdb0565c2,guard.im,resell,,,high,low,5,,,,29/09/2026 21:40
5d32d946-f8f1-4436-a2d4-ee8ca4c9c662,axone.im,available,4.98,12.98,high,low,5,namecheap,,,21/09/2026 10:31
850d7daa-84d0-45ec-ac87-df5316556d97,pursy.im,available,4.98,12.98,high,medium,5,namecheap,,,09/09/2026 06:28
12aa8e14-cbea-4195-9073-544cca83eb7a,shaky.im,available,,,medium,low,5,,,,
fce5f8ff-e214-40d1-a27d-f0787dc5c197,undeterred.im,available,4.98,12.98,medium,low,10,namecheap,,,12/09/2026 07:59
8ee84be7-76ac-4488-a7d3-3aa8226716ed,abnaki.im,available,4.98,12.98,medium,low,6,namecheap,,,
3c7df9ae-04f9-49a2-85ae-ec165a486481,rough.im,available,,,medium,low,5,,,,
5ca7c19d-d058-44f0-a59b-5d563cd8d20c,proprietary.im,available,4.18,6.73,high,low,11,spaceship,,,01/10/2026 22:15
6c85ff54-d880-42fe-8d8a-228ffcbff73f,everyone.im,available,,,high,low,8,,,,
5e4ae278-f257-414a-bc33-7ea30fe3176b,chichi.im,available,4.98,12.98,high,low,6,namecheap,,,12/08/2026 04:46
f7380441-26ce-4a79-b5a2-51ceee4edade,freshman.im,available,4.98,12.98,high,low,8,namecheap,,,18/08/2026 05:23
4772dabf-60de-4aa9-8fd6-a70f0a8fcd37,serrated.im,available,4.98,12.98,medium,low,8,namecheap,,,03/09/2026 22:08
29c0d519-e929-4406-a418-d170f7f0b073,baths.im,available,4.18,6.73,high,low,5,spaceship,,,28/09/2026 23:22
c2a21b46-d452-4959-8f0a-cecf71dc9b3d,rocco.im,available,4.98,12.98,high,low,5,namecheap,,,29/09/2026 09:27
89286576-5bb1-4567-806c-241d0ae66072,nebulose.im,available,4.98,12.98,medium,low,8,namecheap,,,12/08/2026 12:43
2f9e5f1b-b636-453f-9259-73cb067f2cf3,arity.im,available,4.98,12.98,medium,low,5,namecheap,,,20/09/2026 06:02
894e1361-2e41-4295-86f8-0f15cf002bb4,paint.im,resell,,,high,low,5,,,,30/09/2026 06:21
f6638120-ca60-4182-85d5-90ddba3076fb,condoms.im,available,4.18,6.73,medium,low,7,spaceship,,,30/09/2026 07:27
540335f4-26ae-4ddc-bf5a-9cae354bbb1d,murdoch.im,available,4.18,6.73,medium,low,7,spaceship,,,28/09/2026 01:45
fc314332-4589-404a-aeae-8efb6e09a5bc,gaffer.im,available,4.98,12.98,medium,low,6,namecheap,,,
fc986be0-76ad-4b21-9ae6-138b702728c1,cambodian.im,available,4.98,12.98,high,low,9,namecheap,,,11/08/2026 15:40
5b24c44b-b0da-4542-882d-c40d5fd1d0d5,ablative.im,available,4.98,12.98,medium,low,8,namecheap,,,
2ddc134e-5ff0-4ec7-a9d8-bb2c6a26e0f5,bedpan.im,available,4.98,12.98,medium,low,6,namecheap,,,22/09/2026 23:28
f7fc8a76-5b45-4bc3-8000-3b715c4ec6c1,cease.im,available,4.18,6.73,medium,low,5,spaceship,,,27/09/2026 12:23
aa5a1971-26a4-4ec7-845f-92c05a217f75,residuum.im,available,4.98,12.98,medium,low,8,namecheap,,,09/09/2026 15:07
6e9a8956-85eb-4a67-89ce-5eb80ae82c01,bowery.im,available,4.98,12.98,high,medium,6,namecheap,,,10/08/2026 23:13
ace55055-7fe8-42c9-a38e-f9f40bc9eb77,detect.im,resell,,,high,low,6,,,,28/09/2026 06:30
fb531f53-82a7-4d73-b8a2-6baa9473036b,possessions.im,available,4.18,6.73,low,low,11,spaceship,,,28/09/2026 17:10
d7c9d76f-037b-4f21-9f44-a35b42b1554d,subsidiaries.im,available,4.98,12.98,medium,low,12,namecheap,,,20/09/2026 06:35
862c8e9c-8c2d-47b6-b214-689a77b0c055,rises.im,available,4.18,6.73,low,low,5,spaceship,,,28/09/2026 13:01
e2f07290-e1bd-4b4c-8102-64fb0964ca21,delusive.im,available,4.98,12.98,medium,low,8,namecheap,,,14/08/2026 00:53
42f4deeb-0c83-416a-81f5-608f182757f8,ipsus.im,available,4.98,12.98,medium,low,5,namecheap,,,22/09/2026 15:09
4561ea3e-5be8-4e9d-bee7-2266d0a4bde4,cavite.im,available,4.18,6.73,medium,low,6,spaceship,,,30/09/2026 22:11
274cae91-3b71-4de5-98f9-7e23788e7c69,flatulent.im,available,4.98,12.98,low,low,9,namecheap,,,12/08/2026 16:34
a1426a8f-037e-4e17-b931-08b13c1bfb74,nefarious.im,available,4.98,12.98,medium,low,9,namecheap,,,03/09/2026 14:57
9b3ee491-e43c-4d30-ba6a-7b351f707246,signalize.im,available,4.98,12.98,high,medium,9,namecheap,,,10/09/2026 08:01
fea1c62f-9d44-46ed-a9b4-72cbde624623,bode.im,available,4.98,12.98,medium,low,4,namecheap,,,21/09/2026 03:28
7f84051c-5e63-497b-957e-f5a0b99b6d4b,tike.im,available,4.98,12.98,medium,low,4,namecheap,,,25/08/2026 00:12
97ea17e7-2487-409a-b97b-a6b528be30f7,opposition.im,available,4.98,12.98,high,low,10,namecheap,,,04/09/2026 16:40
5bea5c66-e46e-4bc7-ac83-ba1482569fb1,describes.im,available,4.18,6.73,medium,low,9,spaceship,,,29/09/2026 17:07
f6a9c05c-4141-47a0-af4b-261ab223c3b9,fishy.im,available,4.98,12.98,high,low,5,namecheap,,,18/08/2026 05:32
ae3235c8-6136-42f6-830c-e7d25ce0e49e,westerly.im,available,4.98,12.98,medium,low,8,namecheap,,,13/09/2026 10:53
fae06dcc-0321-4f81-b4e2-3e9e4bb61744,automotive.im,available,,,high,low,10,,,,
062930a8-b58e-40e9-855c-c3e6ae867c09,grains.im,available,12.98,,high,low,6,namecheap,,,
61948c9a-e5f2-454d-b686-b98a771ae5ea,tricksy.im,available,4.98,12.98,medium,low,7,namecheap,,,13/08/2026 04:36
51afcdf3-a36c-4db8-9b7f-5f867d8a115d,xvii.im,available,4.98,12.98,medium,low,4,namecheap,,,21/09/2026 11:53
5828989e-0d32-4e5f-9313-85d1f32a15c2,reductive.im,available,4.98,12.98,high,medium,9,namecheap,,,09/09/2026 12:25
370a9122-c7e8-4614-8d02-5f9326554f91,mehmed.im,available,7.94,9.26,medium,low,6,dynadot,,,30/09/2026 21:00
1d3343be-283e-4a2a-8071-5d90ea04bee3,arrack.im,available,4.98,12.98,medium,low,6,namecheap,,,19/09/2026 23:47
9981c963-4cd2-4d8f-92ed-8f595a3f2548,scrimmage.im,available,4.98,12.98,high,low,9,namecheap,,,22/09/2026 16:24
db788e25-5be0-4d05-8675-e4189bed3f71,foreboding.im,available,4.98,12.98,medium,low,10,namecheap,,,18/08/2026 11:32
73e2b04c-cd11-49c7-a70c-fabb2d47fee9,bruised.im,available,7.94,9.26,medium,low,7,dynadot,,,30/09/2026 23:32
12ff7302-a9ef-4a47-bb89-4c6fa06b941a,balaclava.im,available,4.98,12.98,medium,low,9,namecheap,,,21/09/2026 20:27
57d884f1-1ab9-4d59-9c62-c31fa7fea7c3,pontiff.im,available,4.98,12.98,medium,low,7,namecheap,,,23/09/2026 21:52
7261d88f-3a69-46ea-9ad2-7520cbfbc6c0,norseman.im,available,4.98,12.98,high,low,8,namecheap,,,03/09/2026 21:43
ffad9877-aaad-4408-b85a-e13af6237023,rudolf.im,available,4.98,12.98,high,low,6,namecheap,,,25/09/2026 15:40
e234e280-c656-4d91-8c71-ffcf0169ec2c,protester.im,available,4.98,12.98,medium,low,9,namecheap,,,14/08/2026 12:41
1499542d-cf3c-462c-9de8-9e20a2aec40d,chalk.im,available,4.18,6.73,high,low,5,spaceship,,,28/09/2026 05:27
0125575f-6f69-4079-8c2a-cf4a8713da1b,infiltrate.im,available,7.95,9.28,high,low,10,dynadot,,,29/09/2026 20:43
585d4e6e-3699-4146-aafd-a3957830f0ea,brittle.im,available,4.98,12.98,medium,low,7,namecheap,,,11/08/2026 03:47
f2925b85-86bc-41d6-80c6-ffe274ee624a,aerides.im,available,12.99,12.99,medium,low,7,name.com,,,17/09/2026 12:51
79456771-3fe4-4743-a3a2-3ef2ca15e058,dirty.im,available,,,high,low,5,,,,
c3e73139-dab7-45fe-87aa-1d44dd787652,broadband.im,available,,,high,low,9,,,,
8b9d91c1-1e02-4b6f-bdba-77a5db6bca5c,reverent.im,available,4.98,12.98,high,low,8,namecheap,,,20/08/2026 16:08
4c8a5350-98ed-4360-b5a9-39ffe353dedf,distaste.im,available,4.98,12.98,medium,low,8,namecheap,,,19/09/2026 14:55
193189cd-329f-4412-98c0-82d47de808aa,sampling.im,available,4.18,6.73,high,low,8,spaceship,,,30/09/2026 02:46
db0405b4-7b9d-4f37-912a-f649212bddd6,earned.im,available,,,high,low,6,,,,
2fb0c2be-7dbc-46c6-8411-3558b31b9e38,troyes.im,available,4.18,6.73,medium,low,6,spaceship,,,01/10/2026 08:31
1695049a-01ae-4ad8-9f03-70b23066455a,moduli.im,available,4.18,6.73,medium,low,6,spaceship,,,01/10/2026 00:19
4731c650-84ff-47e8-ae5c-fa946a5209d5,berthold.im,available,4.18,6.73,medium,low,8,spaceship,,,30/09/2026 13:32
5962ecd0-da93-43a6-bbb9-5e5ad71bd8f8,wastewater.im,available,4.98,12.98,medium,low,10,namecheap,,,15/08/2026 15:34
87a57b07-b82c-47f0-89dd-e25bcc96125c,josie.im,available,4.98,12.98,high,low,5,namecheap,,,29/09/2026 21:56
1dd39dc4-85ff-47ca-ac8a-22c45951f10b,drily.im,available,4.98,12.98,medium,low,5,namecheap,,,14/09/2026 14:23
2bea68a7-7535-461d-8105-b0dd1e0a9020,cherish.im,available,7.95,9.28,high,low,7,dynadot,,,29/09/2026 08:23
0558ad73-1f75-4739-8d80-5c81e879c354,araxes.im,available,4.98,12.98,medium,low,6,namecheap,,,20/09/2026 00:19
624a54d7-eb07-4fcb-8b07-864332a6ed57,isles.im,available,4.98,12.98,high,low,5,namecheap,,,20/09/2026 01:00
b647e867-e22d-4be9-82f4-576895e45b30,perish.im,available,4.18,6.73,medium,low,6,spaceship,,,29/09/2026 18:32
d9888bb7-f216-415d-95fd-4eb4b16f4249,whitby.im,available,4.18,6.73,high,low,6,spaceship,,,29/09/2026 23:34
76d6fc73-39ba-4edd-9723-8d3319b18bbd,dazzled.im,available,12.99,12.99,medium,low,7,name.com,,,13/08/2026 18:57
1c28770a-b813-4402-a7c1-cba310bd9bc1,swoosh.im,available,4.98,12.98,high,low,6,namecheap,,,11/09/2026 05:52
b7c4f026-a832-465b-9e8f-146ac71470c4,retreat.im,available,,,high,low,7,,,,
00b81fbc-1ec6-4479-aece-9f5a845f72c0,biogeny.im,available,4.98,12.98,medium,low,7,namecheap,,,23/09/2026 18:05
e866db1f-cd2c-481a-b95a-0c38d0eb7335,sutures.im,available,4.18,6.73,medium,low,7,spaceship,,,01/10/2026 18:00
f3eb2011-197d-45ef-8c15-b518ce9ba836,opaline.im,available,4.98,12.98,medium,low,7,namecheap,,,04/09/2026 15:45
c88c80ed-794f-4342-95c0-0c2d3cbf21bb,nevertheless.im,available,4.18,6.73,medium,low,12,spaceship,,,28/09/2026 22:40
fb61ede9-0b03-4593-8272-c70f21831d46,executed.im,available,4.98,12.98,high,low,8,namecheap,,,17/08/2026 16:55
370e96e2-8795-4afc-be33-52b61f3fc8ba,unmixed.im,available,4.98,12.98,medium,low,7,namecheap,,,12/09/2026 06:02
4055ca30-fbfc-4603-ae20-726a52111277,airily.im,available,4.98,12.98,low,low,6,namecheap,,,13/09/2026 18:31
10243583-4c5f-491c-b30d-f7cd5084b7f6,courtenay.im,available,4.18,6.73,medium,low,9,spaceship,,,29/09/2026 22:46
9ec589c0-55e3-4c1f-a086-8a553ac19517,amphibian.im,available,,,high,low,9,,,,
2157e293-d59e-4f60-bc78-ec5c2ece185b,introduced.im,available,,,high,low,10,,,,
4656af90-967b-4ea9-b468-2abd922da7a7,blatant.im,available,4.98,12.98,medium,low,7,namecheap,,,10/08/2026 13:31
73af4600-1035-4901-8fef-ca5849c98fc5,verdin.im,available,4.98,12.98,medium,low,6,namecheap,,,21/09/2026 04:27
32900703-24f9-46fa-abbf-24e115d4abd7,palacio.im,available,4.98,12.98,medium,low,7,namecheap,,,30/09/2026 05:36
51a3dcaf-3773-4651-ac74-ed1205bdbeda,deposits.im,available,,,medium,low,8,,,,
4962f146-1421-4d5f-a08d-0e18888ca702,aligning.im,available,,,medium,low,8,,,,
8dc1da69-a8ab-4ca5-b98d-0a4554ef3e39,noticeably.im,available,4.98,12.98,medium,low,10,namecheap,,,15/09/2026 16:56
fad882b8-df98-4452-9254-fe9f8dd9c9f8,impolite.im,available,4.98,12.98,medium,low,8,namecheap,,,21/08/2026 22:43
72114eec-2b8b-40c2-9013-b7bc90f73fa9,aboral.im,available,4.98,12.98,medium,low,6,namecheap,,,
aade723c-39ee-4120-b735-f9931d099645,blasphemy.im,available,4.98,12.98,medium,low,9,namecheap,,,24/09/2026 04:15
dea1b765-5da4-4039-881b-8781db1eed4c,cagy.im,available,4.98,12.98,medium,low,4,namecheap,,,11/08/2026 13:21
fa4ecd98-88e3-4378-9828-1f40968927a5,safely.im,available,4.98,12.98,high,low,6,namecheap,,,16/09/2026 00:26
27e3edd2-2eb7-470d-a8bc-d905f8a084f9,threesome.im,available,4.98,12.98,high,low,9,namecheap,,,
b08a70e5-8be0-42a9-8f0f-a73f1f5201f1,quickset.im,available,4.98,12.98,medium,low,8,namecheap,,,09/09/2026 08:43
906c7dcf-d082-4517-b7fb-f77c9fafc6b1,airspeed.im,available,4.98,12.98,high,low,8,namecheap,,,17/09/2026 23:22
73b39eba-7846-4704-a035-63583b4d7834,blackface.im,available,4.98,12.98,medium,low,9,namecheap,,,24/09/2026 02:15
9321b204-d642-41f3-be1a-982ea0d92430,articular.im,available,4.98,12.98,medium,low,9,namecheap,,,06/08/2026 23:26
393b2f10-0b55-4194-9100-c66a1554b926,constancy.im,available,4.98,12.98,high,low,9,namecheap,,,24/09/2026 17:32
802c0918-01b7-46d9-91e0-ff822de710f3,iraqi.im,available,4.98,12.98,high,low,5,namecheap,,,22/08/2026 09:35
ce944c64-65c3-4bf9-b997-0c22ec4cee0e,mankind.im,available,4.18,6.73,high,low,7,spaceship,,,28/09/2026 02:08
4ee963a2-4c1a-42ba-b3da-d4e738ba5742,hands.im,available,,,high,low,5,,,,
8024424b-92b5-4b7f-ab6e-f7f7d6b38f3d,amyl.im,available,4.98,12.98,medium,low,4,namecheap,,,19/09/2026 00:29
966d4e09-6a51-4d1b-aefb-ef792441c59f,velvety.im,available,4.98,12.98,high,low,7,namecheap,,,13/09/2026 02:00
64acd0e9-0c1c-4ac0-9de2-b41adae185a9,http.im,available,,,high,high,4,,,,
0d50da44-7aea-45d0-b3d6-911ad0deba5f,frightening.im,available,4.18,6.73,medium,low,11,spaceship,,,28/09/2026 11:19
5aa2d2c8-97ba-40d6-8ac1-0f349a3daf54,pasty.im,available,4.98,12.98,high,low,5,namecheap,,,20/08/2026 15:21
ee8fe3f7-ba22-4e08-8f97-239eb679ee55,bellying.im,available,4.98,12.98,low,low,8,namecheap,,,09/08/2026 13:37
48a63134-63c0-471b-94f8-deed170b459e,yellowish.im,available,4.98,12.98,high,low,9,namecheap,,,13/09/2026 13:59
38160745-0b20-48f7-9f4c-190a042e7efe,baloney.im,available,4.98,12.98,medium,low,7,namecheap,,,21/09/2026 23:43
19058a96-757c-49db-88e6-0307787b7b62,painful.im,available,,,high,low,7,,,,
7dc93682-15a8-4110-9ddf-d6940fc7a633,sudbury.im,available,4.18,6.73,medium,low,7,spaceship,,,28/09/2026 06:48
ea6fe7d5-0fc5-4005-880e-e026ce4ee158,spectral.im,available,,,high,low,8,,,,
55ea0112-c630-4650-b54b-3f0c7541aedd,slaveless.im,available,4.98,12.98,medium,low,9,namecheap,,,18/08/2026 14:44
5a849d7d-0afd-4b9b-984e-e410fc76fc4e,offending.im,available,4.98,12.98,medium,low,9,namecheap,,,04/09/2026 01:28
0c7f394b-0a00-4a80-a51e-c82b8857f90f,scuffle.im,available,4.98,12.98,high,medium,7,namecheap,,,09/09/2026 18:54
e1f6ebfe-cd99-4711-8271-227614353c1b,bustle.im,available,4.98,12.98,high,low,6,namecheap,,,17/09/2026 09:10
ee814d9e-3574-4f00-914f-3a0b2be7d219,obedient.im,available,4.98,12.98,high,low,8,namecheap,,,03/09/2026 23:30
3b429fd0-4e05-4160-a574-f5d451376156,benghazi.im,available,4.98,12.98,medium,low,8,namecheap,,,23/09/2026 08:04
381a4c4c-bb86-44a5-8bc6-023a80f8df0a,slowcoach.im,available,4.98,12.98,medium,low,9,namecheap,,,10/09/2026 20:27
6bd15c3e-e3b0-4bf0-b215-41a38743c232,minimally.im,available,4.98,12.98,medium,low,9,namecheap,,,15/09/2026 15:02
c9cab0ba-0701-43ac-8b0e-ed2f2ef4c4f8,jacobi.im,available,4.18,6.73,high,low,6,spaceship,,,29/09/2026 07:21
3601066a-1659-406e-84cc-1f5b890da38b,aviatrix.im,available,4.98,12.98,high,low,8,namecheap,,,17/09/2026 23:25
f26b5484-8299-455c-a6ba-1506ed1075cc,broadsheet.im,available,4.98,12.98,high,low,10,namecheap,,,11/08/2026 05:08
bfc5bea6-8784-42f6-8158-bb25db2efae6,businessman.im,available,,,high,low,11,,,,
41229847-a9c0-4ef0-ae53-9aa04487e97b,belarusian.im,available,,,medium,low,10,,,,
a44c95a9-f468-4863-8086-08afcba40bc2,amylase.im,available,4.98,12.98,medium,low,7,namecheap,,,19/09/2026 00:30
df62033c-f5d7-4efa-9e57-9ec20e132058,feasibly.im,available,4.98,12.98,medium,low,8,namecheap,,,14/09/2026 18:08
81ade4ac-28fb-4637-a6a0-3122b5fd18a0,absurdity.im,available,4.98,12.98,medium,low,9,namecheap,,,16/09/2026 18:39
292ee72e-f599-499b-8cf1-ba74f9df7438,carbonated.im,available,4.98,12.98,medium,low,10,namecheap,,,11/08/2026 18:39
09bbe6ef-1523-47d2-8868-e78533ae9f82,richness.im,available,4.98,12.98,high,low,8,namecheap,,,17/09/2026 14:41
7ebd464c-4b43-4e50-a5cf-7b7ce0fa2966,pores.im,available,4.98,12.98,low,low,5,namecheap,,,30/09/2026 14:43
bc43b35f-e503-4bd2-b5a0-74160630fd9e,testify.im,available,4.98,12.98,high,low,7,namecheap,,,25/09/2026 11:08
db109c18-bd8c-40b0-ab69-e6f3c00b90bd,beachhead.im,available,4.98,12.98,medium,low,9,namecheap,,,22/09/2026 19:08
09a2b6c7-8bb3-4392-9331-f60006f679cb,employs.im,available,4.18,6.73,medium,low,7,spaceship,,,02/10/2026 03:29
4c08e15d-902d-42c9-b25f-0e78574a45cc,magicians.im,available,4.98,12.98,medium,low,9,namecheap,,,20/09/2026 20:54
8b80c713-c4d8-45b2-b90f-d08b767acc0b,flaxseed.im,available,4.98,12.98,high,low,9,namecheap,,,16/09/2026 10:28
7fbe5c12-8d14-4535-9dfa-ffb135ee89d2,skopje.im,available,7.94,9.26,high,low,6,dynadot,,,30/09/2026 18:39
88a02066-6d34-435b-8407-4042dbb2ad3e,banshie.im,available,4.98,12.98,medium,low,7,namecheap,,,22/09/2026 03:10
33ce5bfc-1391-419f-ae94-119b03cc2452,carpal.im,available,4.98,12.98,high,low,6,namecheap,,,11/08/2026 19:34
3c2b5b34-5d7d-40fa-a7c4-3c54b11c91e0,wanly.im,available,4.98,12.98,low,low,5,namecheap,,,16/09/2026 11:19
2da541ea-7d39-437d-9a18-95f8f19b1407,introductions.im,available,4.98,12.98,medium,low,13,namecheap,,,20/09/2026 22:09
fcf1a78a-b024-458c-83f0-f42e30206f47,calcium.im,available,4.98,12.98,high,low,7,namecheap,,,20/09/2026 22:32
b6715ba1-d108-45dd-ab26-b6a440a2624a,asparagine.im,available,4.98,12.98,medium,low,10,namecheap,,,20/09/2026 14:39
0109d79f-56b1-43ba-9a89-708577b73971,finite.im,available,4.98,12.98,high,low,6,namecheap,,,18/08/2026 05:02
909bf71d-f926-4c52-956a-9d6cef88d60f,carroty.im,available,4.98,12.98,medium,low,7,namecheap,,,11/08/2026 19:48
3ce98162-a9de-4910-9c24-56a90cccf231,unmined.im,available,4.98,12.98,medium,low,7,namecheap,,,12/09/2026 15:41
c4be2771-de0b-4484-80a2-ab28473f101f,agencies.im,available,4.18,6.73,medium,low,8,spaceship,,,28/09/2026 23:07
0b918671-3a87-41af-9f2c-16001744f2d2,output.im,resell,,,high,low,6,,,,29/09/2026 06:46
feb5532a-efc9-4d88-819e-25201aebd737,drenched.im,available,4.98,12.98,medium,low,8,namecheap,,,14/08/2026 18:51
e6829530-df29-4308-9341-7ecce3e9dbb4,maternal.im,available,,,high,low,8,,,,
d6273db3-3c7f-40f9-b2ca-dcc4c54f3116,nahuatl.im,available,4.98,12.98,medium,low,7,namecheap,,,01/10/2026 03:02
73036aa1-d945-4f22-a79b-59963f7eddf9,costumes.im,available,4.18,6.73,medium,low,8,spaceship,,,28/09/2026 05:07
216e7e86-bb20-443e-af4c-44174efdc22c,drapes.im,available,4.98,12.98,high,low,6,namecheap,,,17/09/2026 07:49
853e6a8e-b047-4f05-a752-d3c674ae510b,homesteads.im,available,4.98,12.98,medium,low,10,namecheap,,,30/09/2026 07:32
87bb0c7a-7c2e-47c6-b60f-6a1efce51a3e,blew.im,available,4.98,12.98,medium,low,4,namecheap,,,25/09/2026 11:11
332a60e2-f4d8-4c34-9da5-91ee8441efed,pondered.im,available,4.98,12.98,medium,low,8,namecheap,,,18/09/2026 02:08
15df1e22-6695-486c-83d0-d39e13de17d2,sneezing.im,available,4.18,6.73,medium,low,8,spaceship,,,30/09/2026 11:18
1d55dd76-d5e6-4748-a65f-cf15613e4d81,yoruba.im,available,4.98,12.98,high,low,6,namecheap,,,18/09/2026 00:15
452d8e22-41c9-42bd-aa51-a40a02d24cc4,unclogged.im,available,4.98,12.98,medium,low,9,namecheap,,,12/09/2026 05:28
4e403c40-c0f3-4f2d-af75-88c1686cdbc5,umbilicus.im,available,4.98,12.98,medium,low,9,namecheap,,,23/09/2026 06:37
b1d52002-55c6-416f-9083-a71b5e00ee40,require.im,available,4.18,6.73,high,low,7,spaceship,,,30/09/2026 05:27
7ac3416c-ff9d-46e4-94f4-3b7481e727f8,semitic.im,available,4.98,12.98,medium,low,7,namecheap,,,10/09/2026 03:32
471fbd33-238e-4b0c-9e59-6b29b3b735d2,octad.im,available,4.98,12.98,medium,low,5,namecheap,,,
f6381441-641e-43c5-9b2a-d9bbd66423b6,attendee.im,available,4.98,12.98,high,low,8,namecheap,,,21/09/2026 01:26
12571f18-594a-43a2-ba8a-204bec9a3255,bryson.im,available,4.18,6.73,medium,low,6,spaceship,,,29/09/2026 15:28
9a053f7b-f9a5-4b07-965f-3f1c256f3ec4,attache.im,available,4.98,12.98,high,low,7,namecheap,,,21/09/2026 01:04
bbdb8a9a-0792-40fb-bfae-634b8d7e2be1,silken.im,available,4.98,12.98,high,low,6,namecheap,,,09/09/2026 21:43
b4d9ff07-8b07-4536-995e-c2eb20d51d2f,ducts.im,available,4.18,6.73,medium,low,5,spaceship,,,02/10/2026 02:56
b7b80131-1d83-46ea-bc59-652d435c1fc4,osmotic.im,available,4.98,12.98,medium,low,7,namecheap,,,04/09/2026 18:15
37edddfd-c1b7-44bf-bdcd-1ba55a528b55,krai.im,available,4.18,6.73,medium,low,4,spaceship,,,30/09/2026 04:19
50d9ff43-156f-458c-a682-8aa19fb9e446,charivari.im,available,4.98,12.98,medium,low,9,namecheap,,,23/09/2026 06:08
28f8970f-c021-4b3d-bf14-2893135ec9c6,recording.im,available,,,high,low,9,,,,
c2fdcc49-7705-4bb3-a05e-ca7d335bd8cc,tumid.im,available,4.98,12.98,medium,low,5,namecheap,,,10/08/2026 18:05
5cd98f49-993a-4288-9d32-faec4729094f,astylar.im,available,4.98,12.98,medium,low,7,namecheap,,,07/08/2026 10:15
08affbde-4078-4501-b7e1-f0245f060f8e,dispenser.im,available,4.98,12.98,high,low,9,namecheap,,,24/09/2026 22:56
c31766d5-99c5-484c-8098-40ffb3088ae7,iras.im,available,4.18,6.73,high,low,4,spaceship,,,30/09/2026 22:23
728d4d7d-fbe7-4a17-a9b7-a2ce9fcba156,righted.im,available,4.98,12.98,medium,low,7,namecheap,,,20/09/2026 15:58
73b584a7-cc92-4794-81a3-cb0b181cdf1b,confines.im,available,4.98,12.98,high,low,8,namecheap,,,24/09/2026 17:13
383de4b1-5714-4743-8d43-14e54ee73784,became.im,available,12.98,,medium,low,6,namecheap,,,
346ed008-08b8-4048-b6f4-347a643769db,hence.im,available,4.18,6.73,medium,low,5,spaceship,,,28/09/2026 15:09
e4980671-b8a2-46d8-b230-16462472107e,pathless.im,available,4.98,12.98,medium,low,8,namecheap,,,08/09/2026 10:25
dc47d57b-6a0e-4b66-a4f2-4cb816e77503,pons.im,available,4.98,12.98,high,low,4,namecheap,,,18/09/2026 07:24
f4960c74-fe32-4122-be09-5e95f743a7fe,sheathed.im,available,4.98,12.98,high,medium,8,namecheap,,,10/09/2026 06:12
c86328ed-71a1-45e9-816d-192e3c08734b,egotistic.im,available,4.98,12.98,medium,low,9,namecheap,,,12/08/2026 19:55
e0775d4f-f5c1-4ab3-8093-94acf90fd689,adolescents.im,available,4.98,12.98,medium,low,11,namecheap,,,02/10/2026 01:52
e75c527c-c7da-4bb9-a232-ad0e882dac13,waxy.im,available,4.98,12.98,medium,low,4,namecheap,,,09/08/2026 14:13
13831b4f-89dc-48a2-9fbc-beb001ea6cd2,heavens.im,available,4.98,12.98,high,low,7,namecheap,,,16/08/2026 21:00
1247475a-8f68-4ca6-ba76-cc9e46e7cb62,fledgling.im,available,4.98,12.98,medium,low,9,namecheap,,,11/08/2026 14:45
ad9411cf-aa0b-4202-810c-f07196794475,vandyke.im,available,4.98,12.98,medium,low,7,namecheap,,,19/09/2026 13:44
bd36329d-961c-4fdc-a81b-665a69335409,hundred.im,available,4.98,12.98,high,low,7,namecheap,,,21/09/2026 11:00
ece93b76-9114-4a20-af1d-396328b1b633,engels.im,available,7.94,9.26,medium,low,6,dynadot,,,28/09/2026 14:01
ced89a0e-3b35-402f-b608-72d4efa463f4,allogeneic.im,available,4.98,12.98,medium,low,10,namecheap,,,
25f2f1c3-e387-47d2-95a4-6fbeb67da395,hotter.im,available,4.98,12.98,high,low,6,namecheap,,,29/09/2026 08:52
4b1d1791-fcb5-47a7-a739-6c4659fca72f,ironlike.im,available,4.98,12.98,medium,low,8,namecheap,,,22/08/2026 10:10
27be036c-5ca6-4d8c-a03e-78dd7ee50d26,bearwood.im,available,4.98,12.98,medium,low,8,namecheap,,,22/09/2026 20:58
14a8e479-1593-4716-995f-e5aba1adeef0,scapegrace.im,available,12.99,12.99,medium,low,10,name.com,,,24/09/2026 01:41
2629b669-63e0-433f-bb5f-bed48ec78f9d,swings.im,available,4.18,6.73,medium,low,6,spaceship,,,29/09/2026 05:46
0d3eb74a-56a0-4e5e-a0a4-20c5b815c125,skid.im,available,4.18,6.73,high,low,4,spaceship,,,30/09/2026 08:49
76ff8439-9c22-4432-9b53-43ae3f941aae,koestler.im,available,4.98,12.98,medium,low,8,namecheap,,,20/09/2026 10:57
c26db5bf-6bd4-40d7-8b44-dbe5472049a9,canton.im,available,4.98,12.98,high,low,6,namecheap,,,23/09/2026 16:10
399d5ce7-9347-4ac8-a12b-6713e1eb67c5,saccade.im,available,4.98,12.98,medium,low,7,namecheap,,,22/08/2026 12:47
ae2ede09-93f9-4d48-964e-d5aae09fb870,grandes.im,available,7.96,9.28,medium,low,7,dynadot,,,01/10/2026 01:08
95dea2f8-edbb-48ba-936a-ec8dd431a3bc,merriman.im,available,4.18,6.73,medium,low,8,spaceship,,,02/10/2026 00:46
e133b15f-7ad0-408a-833a-69451597d985,condone.im,available,4.18,6.73,high,low,7,spaceship,,,30/09/2026 17:43
31d70c0e-5e01-481b-b9a4-fdaf52c4e64f,montmartre.im,available,4.18,6.73,high,low,10,spaceship,,,02/10/2026 05:47
854fd781-3c86-45a9-84d2-277e1016518a,disappear.im,available,4.98,12.98,high,low,9,namecheap,,,27/09/2026 05:58
0afa620c-9e0a-450c-a4c9-3e609357a9e8,submit.im,available,4.18,6.73,high,low,6,spaceship,,,27/09/2026 16:26
8764bb4b-ce41-4d88-8377-cb3a544408d7,rosie.im,available,4.98,12.98,high,low,5,namecheap,,,27/09/2026 19:47
13721df9-8609-4738-84a4-250260033b30,diagnose.im,available,4.98,12.98,high,low,8,namecheap,,,30/09/2026 19:11
852d9993-e7c3-4831-946f-ce4257832a0b,closer.im,available,,,high,low,6,,,,
7a812e9c-f5c1-485e-a93b-d371713aa83f,centerville.im,available,7.94,9.26,medium,low,11,dynadot,,,30/09/2026 22:06
2bf00ea6-e768-4eb7-973d-8bc54c0a6818,harmful.im,available,4.98,12.98,medium,low,7,namecheap,,,08/09/2026 09:32
517c4bf4-92d5-476a-91a2-450630d1c2e7,parishes.im,available,4.98,12.98,medium,low,8,namecheap,,,18/09/2026 08:08
f9c6d049-9db4-41ea-aad2-eb13bc9f9af5,arctic.im,available,,,high,low,6,,,,
d1237305-bea8-4d82-836e-3730ccb02c0c,horn.im,available,4.98,12.98,high,low,4,namecheap,,,21/09/2026 07:21
3b80387f-05ba-4c5d-9290-fea9566ca5f9,greenness.im,available,4.98,12.98,high,low,9,namecheap,,,20/08/2026 19:45
cfd640cb-efca-4a9b-ad10-6ea9ebe806d0,mesial.im,available,4.98,12.98,medium,low,6,namecheap,,,24/08/2026 21:08
46901dd5-55eb-4cac-a40f-d1f256aa8489,beaten.im,available,4.98,12.98,medium,low,6,namecheap,,,09/08/2026 05:47
fe37c8dc-cf1c-4590-889f-5322e57a5441,antilles.im,available,4.98,12.98,high,low,8,namecheap,,,19/09/2026 14:37
90f243f7-e322-4311-84c0-050b575c99e7,inadequate.im,available,4.98,12.98,medium,low,10,namecheap,,,22/08/2026 00:12
44d59cf4-50c1-4da7-a333-7ea52d3d06d0,syriac.im,available,4.18,6.73,high,low,6,spaceship,,,28/09/2026 03:24
0ac7967f-c807-4841-9c9e-a9ef8567f417,outlaws.im,available,4.18,6.73,medium,low,7,spaceship,,,30/09/2026 07:41
691d005a-e119-414d-bef3-59fff9ac57aa,mimosa.im,available,4.98,12.98,medium,low,6,namecheap,,,16/09/2026 20:07
c37f1968-c305-453c-ab11-10aac5bacb15,ale.im,available,,,high,low,3,,,,
0d85ddfb-28c8-4e28-ba4b-15ec4a72eb96,windsock.im,available,4.98,12.98,medium,low,8,namecheap,,,17/09/2026 21:40
3199c869-3fe4-42dc-bba8-c7f7154a8903,question.im,resell,,,high,low,8,,,,25/09/2026 10:22
1c098595-9b6b-470b-a053-9d7adf6f48ee,goodwin.im,available,,,high,low,7,,,,
7d420c8f-2fcd-42f9-85a4-2cd654dd3f11,banteng.im,available,4.98,12.98,medium,low,7,namecheap,,,22/09/2026 03:14
033d65fe-3d4a-455a-a148-7ae8c0998306,sportive.im,available,4.98,12.98,medium,low,8,namecheap,,,12/08/2026 18:10
2fbb8d44-6f54-4859-bcc9-b3e04d51615a,oblivious.im,available,4.18,6.73,medium,low,9,spaceship,,,01/10/2026 04:58
ba51f35c-8110-42a7-9149-a4f4c443e899,jovial.im,available,4.98,12.98,high,low,6,namecheap,,,22/08/2026 13:42
e9955145-4b1a-4c64-8e4d-0dcf0487dab2,contingency.im,available,4.18,6.73,high,low,11,spaceship,,,29/09/2026 22:54
fecc768a-f2e1-4b80-a773-27833d41fb57,uniformly.im,available,4.98,12.98,medium,low,9,namecheap,,,16/09/2026 10:05
53686317-3a05-4365-8b83-523da8220227,keyser.im,available,4.98,12.98,medium,low,6,namecheap,,,01/10/2026 11:13
59eebae3-3b75-4411-a146-bb11ccd10654,pinky.im,available,4.98,12.98,high,low,5,namecheap,,,30/09/2026 10:27
465aa192-e83b-4e12-9217-9343b9b04987,transmitters.im,available,4.98,12.98,medium,low,12,namecheap,,,01/10/2026 18:01
5a1270b2-552e-46f4-a9d3-fdcf4274b0bc,revelatory.im,available,4.98,12.98,high,low,10,namecheap,,,06/08/2026 00:55
5b3de9f7-cb72-49b4-bdf9-084d2521741f,declaration.im,available,4.18,6.73,high,low,11,spaceship,,,28/09/2026 12:33
a4980ec1-d729-46df-953f-805d7bcb7da5,clem.im,available,4.18,6.73,medium,low,4,spaceship,,,01/10/2026 22:57
81f849b6-bf9c-4f6d-b23e-4a0169294c2c,torment.im,available,4.98,12.98,medium,low,7,namecheap,,,14/08/2026 21:14
64b99238-e444-4a48-abb8-d3ad401ad0dd,arrogant.im,available,4.98,12.98,medium,low,8,namecheap,,,22/09/2026 08:39
ff6c98e4-7b70-48aa-9913-6a8294d5dd1e,beg.im,available,,,medium,low,3,,,,
e24e08de-d097-4ae4-bcf0-a3c88020a24a,anomalous.im,available,4.98,12.98,medium,low,9,namecheap,,,
35fa252a-11eb-4ce7-8240-982df2668bed,motivate.im,available,4.98,12.98,high,low,8,namecheap,,,27/09/2026 07:34
14d476c9-30af-4cb2-abbd-2f02d31b7563,caius.im,available,4.18,6.73,medium,low,5,spaceship,,,30/09/2026 20:06
2a17431c-202e-4509-b3a9-4af31c0d1da7,cauchy.im,available,4.18,6.73,medium,low,6,spaceship,,,30/09/2026 13:33
46c5ae0c-ded0-41d1-b53d-9d3a41088bc5,antonym.im,available,4.98,12.98,medium,low,7,namecheap,,,04/09/2026 16:48
de8ba526-cd3d-4d7a-871e-acd4264360da,antipodal.im,available,4.98,12.98,medium,low,9,namecheap,,,
78f25e04-7869-4794-9655-cf4b13e442d8,emptied.im,available,4.18,6.73,medium,low,7,spaceship,,,01/10/2026 00:20
8f2a1d0f-e82a-4a1e-a1ff-b1541f105637,inviolable.im,available,4.98,12.98,medium,low,10,namecheap,,,21/08/2026 23:02
e0b9b223-466f-400a-bb91-9b31edfa0467,phantasmal.im,available,4.98,12.98,medium,low,10,namecheap,,,06/08/2026 05:33
63f98d5b-b731-4c97-ba23-2c3555c62b11,adit.im,available,4.98,12.98,medium,low,4,namecheap,,,17/09/2026 08:21
826b0cf8-aa6d-4967-a233-ee2aa3c437da,alpena.im,available,4.98,12.98,medium,low,6,namecheap,,,18/09/2026 13:31
7ad5da50-a8a3-4b8d-9281-03e97a3e48c7,bergamo.im,available,4.18,6.73,medium,low,7,spaceship,,,01/10/2026 14:18
37f72c40-b382-42c0-929e-a27df3497fc7,franconia.im,available,4.18,6.73,medium,low,9,spaceship,,,30/09/2026 13:25
c6f993a8-444e-464b-b107-8d7d89d4a4a2,hairless.im,available,4.98,12.98,medium,low,8,namecheap,,,20/08/2026 22:13
c86aa754-ce45-4ecc-a41c-d73c41c35228,aesir.im,available,4.98,12.98,medium,low,5,namecheap,,,17/09/2026 13:23
7d95df46-5886-427c-ace4-860703b0f839,pathological.im,available,4.18,6.73,medium,low,12,spaceship,,,29/09/2026 21:08
3921b7b8-a84a-4919-a816-8391845ecf87,runty.im,available,4.98,12.98,high,medium,5,namecheap,,,08/09/2026 19:54
a58fe19e-aa37-49df-89a5-6a7ddb963130,sonant.im,available,12.99,12.99,medium,low,6,name.com,,,10/09/2026 14:08
2648a156-31c6-407b-9535-752d5bd0bae6,supplies.im,available,,,medium,low,8,,,,
165b222a-a4b1-4c18-b076-d023cf7947ff,songful.im,available,4.98,12.98,medium,low,7,namecheap,,,11/08/2026 17:36
a837d0f5-654b-4d12-bba8-0d3f17eb20d1,pesos.im,available,4.18,6.73,medium,low,5,spaceship,,,30/09/2026 06:56
208ebb2a-7518-439d-9634-8b4a6e0fb50e,antiquities.im,available,4.18,6.73,medium,low,11,spaceship,,,02/10/2026 01:45
3809fa6c-bee4-4db3-aabb-c844b6d6e85a,humanistic.im,available,4.98,12.98,high,low,10,namecheap,,,21/08/2026 14:53
944734f6-12cb-46ab-a397-29a9d3e0fbd8,dutchess.im,available,4.18,6.73,high,low,8,spaceship,,,29/09/2026 21:34
04669a17-5bed-4415-8138-625856334790,asahikawa.im,available,4.98,12.98,medium,low,9,namecheap,,,20/09/2026 12:44
047967c1-f6c1-4a14-a3af-654422c12622,crayon.im,available,4.98,12.98,high,low,6,namecheap,,,24/09/2026 19:11
789b3136-dd3a-467f-bc26-5dac97691ba9,semantics.im,available,4.18,6.73,high,low,9,spaceship,,,01/10/2026 21:37
6ff54d51-5f59-40aa-b4c3-b8e088612fab,wiccan.im,available,4.98,12.98,medium,low,6,namecheap,,,13/09/2026 11:46
00885f8c-e98c-423a-b1fe-ffbaaadb63f6,whopping.im,available,4.98,12.98,medium,low,8,namecheap,,,08/08/2026 13:14
33bfff99-6217-4eee-aa9a-bbc8be2e1af2,physically.im,available,4.98,12.98,medium,low,10,namecheap,,,19/09/2026 14:53
25316873-aa27-4ba0-8d55-a8e5d880397f,prick.im,available,,,medium,low,5,,,,
70d4af7b-2d39-4365-afdd-ca84c5289fdc,quarry.im,available,4.18,6.73,high,low,6,spaceship,,,29/09/2026 12:13
121915ee-6223-4275-bf6c-19c1b3932a85,chekhov.im,available,4.98,12.98,medium,low,7,namecheap,,,19/09/2026 15:27
03c33525-9153-49b7-821a-0bf0665c2d6c,akaba.im,available,4.98,12.98,medium,low,5,namecheap,,,17/09/2026 23:49
867b1fcc-8b17-41ff-ac23-c4c237106f7d,parhelic.im,available,4.98,12.98,medium,low,8,namecheap,,,08/09/2026 01:31
f5ab8d9e-ca41-483e-8490-4a244a17f1d5,imitator.im,available,4.98,12.98,medium,low,8,namecheap,,,19/09/2026 16:27
524ba7fe-633a-490e-854b-83f639bfae38,palmae.im,available,4.98,12.98,medium,low,6,namecheap,,,20/09/2026 03:32
e7a60be2-e62a-462c-9001-ecc03ca17495,airlines.im,available,4.18,6.73,medium,low,8,spaceship,,,28/09/2026 17:53
4e40f1b6-c01c-4ff2-9dd5-84c7a239eb82,agerasia.im,available,4.98,12.98,medium,low,8,namecheap,,,17/09/2026 17:14
58ee7695-c555-4b2b-9122-4eee5042c113,menacingly.im,available,4.98,12.98,medium,low,10,namecheap,,,15/09/2026 14:03
6ca957b2-0d78-43da-a0e6-6fdcbb8e56b3,undisputed.im,available,4.98,12.98,high,low,10,namecheap,,,12/09/2026 05:02
bf8de0cc-6480-4458-8433-955728a2cec1,billfish.im,available,4.98,12.98,high,low,8,namecheap,,,23/09/2026 16:15
2fd52bba-02da-47fe-8124-18368008a70d,arduous.im,available,4.98,12.98,medium,low,7,namecheap,,,06/08/2026 16:40
29f9dadf-854d-41ce-8800-048d2a0f5a85,globe.im,resell,,,high,low,5,,,,28/09/2026 01:49
d9ccf0fb-e0dd-49d6-b1fe-91e552121980,argyle.im,available,4.98,12.98,high,low,6,namecheap,,,20/09/2026 04:57
8824e9a5-ba1b-40d1-b78c-f2440f0aff89,basket.im,available,,,high,low,6,,,,
12675265-af65-4c91-b60d-91483bd1b12d,westlake.im,available,12.98,,high,low,8,namecheap,,,
cfd4272c-fc1b-4120-bd82-f76adead6f1d,wider.im,available,4.18,6.73,medium,low,5,spaceship,,,29/09/2026 04:55
3b7a65c5-276f-49d4-8c39-692a99ee27d3,liaise.im,available,4.98,12.98,high,low,6,namecheap,,,22/08/2026 08:15
bd9ddae2-d9ad-44b7-ad01-8b3e3f77a5a6,organise.im,available,4.98,12.98,high,low,8,namecheap,,,23/09/2026 23:21
4df25bd8-4ffa-4f6d-b09d-0bd9296f7148,literal.im,available,,,high,low,7,,,,
25e7f4f2-cbd0-4005-aa56-b42706c6c420,eagerly.im,available,4.98,12.98,medium,low,7,namecheap,,,14/09/2026 14:54
e8dd0399-7b17-44fd-bb72-82d91e0c6865,clanging.im,available,4.98,12.98,medium,low,8,namecheap,,,12/08/2026 09:31
4c1f0c16-3209-4b80-ba05-c0fad0504ce3,mouthcare.im,available,12.98,,medium,low,9,namecheap,,,
877e1d07-f564-414a-9f4f-b7b147946eb7,spoof.im,available,4.98,12.98,high,low,5,namecheap,,,23/09/2026 11:26
6799cf1c-2a90-4732-b3a7-f3a7c21f3d8e,crowley.im,available,4.98,12.98,medium,low,7,namecheap,,,27/09/2026 01:51
aac87d07-8b87-455c-a639-5aefae98444f,farr.im,available,4.18,6.73,medium,low,4,spaceship,,,28/09/2026 22:15
9f510419-5bf8-4aa7-ae73-d7dd5337ef0b,apolune.im,available,4.98,12.98,medium,low,7,namecheap,,,19/09/2026 18:55
c929e56c-c81d-44a2-a594-bf0942fa2f85,imposition.im,available,4.18,6.73,medium,low,10,spaceship,,,02/10/2026 05:23
a9d3c782-d56e-484f-99d8-2f6659152e55,accurate.im,available,4.98,12.98,high,low,8,namecheap,,,21/09/2026 15:59
8f931f2b-9ad9-43c6-acee-4d13a0c6dc40,balker.im,available,4.98,12.98,medium,low,6,namecheap,,,03/09/2026 18:54
945c01ad-0297-4197-9783-5c4c0e1d5adb,pigheaded.im,available,4.98,12.98,medium,low,9,namecheap,,,11/08/2026 08:32
763a7726-2540-4fed-aba6-d07b06948bc6,aril.im,available,4.98,12.98,medium,low,4,namecheap,,,20/09/2026 05:30
56a376d9-62b9-4556-a917-94f53f55ed98,secondly.im,available,4.18,6.73,medium,low,8,spaceship,,,27/09/2026 19:26
1af01469-8717-45bc-8cd4-460776741aab,pushkin.im,available,4.98,12.98,high,low,7,namecheap,,,18/09/2026 05:07
3a3e0014-763c-4168-926d-d5ae532246aa,mac.im,available,,,high,high,3,,,,
07d530b8-d806-43f8-aa0a-b1b318c491e4,euro.im,resell,,,high,low,4,,,,30/09/2026 17:14
df1701be-75cb-4811-a450-6f3839315019,vaccination.im,available,12.98,,high,low,11,namecheap,,,
6ba6a281-ce39-4925-8abf-9ac18185aaee,sagittal.im,available,4.98,12.98,high,medium,8,namecheap,,,09/09/2026 20:48
ef47187c-fed8-41c9-b2ee-2f53400c003b,analogical.im,available,4.98,12.98,medium,low,10,namecheap,,,
1247e735-21f6-4cc6-ba06-66104e189c64,shiftless.im,available,4.98,12.98,high,medium,9,namecheap,,,10/09/2026 06:28
d9e58cdc-b02d-4ba8-83d0-80bf192abca4,homewards.im,available,4.98,12.98,medium,low,9,namecheap,,,21/08/2026 11:24
7562a5cc-dc50-475d-bd04-6eba444ba607,unexpected.im,available,,,high,low,10,,,,
e7e69245-b625-4f0c-b52c-4dd70b064440,carmine.im,available,4.98,12.98,high,low,7,namecheap,,,10/08/2026 15:02
3c370ac3-2aac-4658-8d8f-d1ac14b5b2d3,airhead.im,available,4.98,12.98,high,low,7,namecheap,,,17/09/2026 23:11
72d586fc-9514-4d4b-bf42-fb14093e5ccf,intestines.im,available,4.18,6.73,low,low,10,spaceship,,,30/09/2026 22:51
39adca3f-c337-4f28-82fe-7aede33a2c67,fishes.im,available,4.98,12.98,medium,low,6,namecheap,,,17/09/2026 06:49
44bcf9d6-315c-4c35-86c4-18f769444aea,affect.im,available,4.98,12.98,high,low,6,namecheap,,,27/09/2026 05:35
8625da27-4e20-4eb8-9120-67d7445b7b8a,abuse.im,available,,,high,low,5,,,,
8be47aff-47e2-4d83-8efa-cf468cfacc7d,evenings.im,available,4.18,6.73,medium,low,8,spaceship,,,29/09/2026 05:28
2e006b19-b336-4655-8c8c-1a3f28932a24,forsake.im,available,4.98,12.98,medium,low,7,namecheap,,,14/08/2026 03:54
23d252c3-c0c1-4315-a037-24ec730d4c86,michal.im,available,4.18,6.73,medium,low,6,spaceship,,,30/09/2026 12:53
35cdfb5e-3591-4a81-b01c-643d693eeec2,billings.im,available,4.98,12.98,high,low,8,namecheap,,,23/09/2026 16:32
342e2bf3-4368-4f3a-9254-d5f3ce0a7880,paging.im,available,4.98,12.98,high,low,6,namecheap,,,01/10/2026 19:37
f25c5918-d6ce-4fc7-b9cb-604ff100298e,kurrat.im,available,4.98,12.98,medium,low,6,namecheap,,,18/09/2026 11:14
ceebf881-fa56-4c5f-a7f9-10dfae231908,sheeny.im,available,4.98,12.98,high,low,6,namecheap,,,20/08/2026 14:32
19263ae1-e813-4a7e-95c9-7df946b0e409,jussieu.im,available,4.98,12.98,medium,low,7,namecheap,,,19/09/2026 15:24
4a196399-692b-45df-9cde-812b6b2f77c5,mela.im,available,4.18,6.73,high,low,4,spaceship,,,01/10/2026 22:20
f3b63d30-28cb-4256-a605-ef1521e672ad,experiment.im,available,,,high,low,10,,,,
d30187c0-3897-4de2-be8f-dd58bc0547d9,rootless.im,available,4.98,12.98,high,medium,8,namecheap,,,09/09/2026 18:36
f5d18126-e77b-4180-bcb3-022e8e6c089b,undermine.im,available,4.18,6.73,medium,low,9,spaceship,,,29/09/2026 06:16
5452aaf6-3a8b-49af-b967-f1625fdbc4a5,parent.im,resell,,,high,low,6,,,,30/09/2026 06:26
711a8f43-2c16-4861-bc77-f4b78ff65f39,packable.im,available,4.98,12.98,medium,low,8,namecheap,,,04/09/2026 22:41
6979e252-caa0-4ca8-bd21-2216543a7485,poinciana.im,available,4.98,12.98,high,low,9,namecheap,,,23/09/2026 20:09
965a0c40-6d91-41cd-9291-98dfbb23b236,apostate.im,available,4.98,12.98,medium,low,8,namecheap,,,06/08/2026 03:35
b5ef6888-608e-4c1b-8b23-32e7cfb4addb,amalia.im,available,4.18,6.73,high,low,6,spaceship,,,01/10/2026 23:56
63bdb236-86d7-4430-b14b-2fb9c974e46e,cowboys.im,available,4.18,6.73,high,low,7,spaceship,,,28/09/2026 12:01
dbf4ab63-fd9f-4ded-8657-3b880ab46678,louvain.im,available,4.18,6.73,medium,low,7,spaceship,,,30/09/2026 05:07
434661ea-88f8-48d4-a54c-8fde25c4d1b8,alfresco.im,available,4.98,12.98,high,low,8,namecheap,,,
6752293d-eb8c-4997-89b4-0387b22022b7,newsletters.im,available,4.98,12.98,medium,low,11,namecheap,,,20/09/2026 15:17
c5e77e50-6bcc-4940-8639-837552a35c64,corpulent.im,available,4.98,12.98,medium,low,9,namecheap,,,13/08/2026 01:57
a1147880-6a56-4575-9754-1610d2f028e0,bladder.im,available,4.98,12.98,high,low,7,namecheap,,,24/09/2026 03:26
7848ced9-c77b-4d47-9f2c-e9543ba2bb0d,acceptive.im,available,4.98,12.98,medium,low,9,namecheap,,,
dba95f7a-1359-44ae-aec1-bb3a56f44c1a,antarctica.im,available,4.98,12.98,high,high,10,namecheap,,,19/09/2026 12:32
2f6567fe-e1a2-43a5-bf77-b76bc761a996,adopter.im,available,4.98,12.98,medium,low,7,namecheap,,,17/09/2026 09:39
9f0c28ff-d162-4c79-bd41-0d236c05bc3d,castrated.im,available,4.98,12.98,medium,low,9,namecheap,,,11/08/2026 20:30
5d269ef1-f7db-41e4-b259-8645b0f70a70,heard.im,available,,,high,low,5,,,,
cb833123-3519-405f-be33-4db47513c393,lasts.im,available,4.98,12.98,low,low,5,namecheap,,,28/09/2026 09:03
7b36a011-872d-4821-a44d-49eed68a9520,warty.im,available,4.98,12.98,medium,low,5,namecheap,,,13/09/2026 04:24
b44c9b1e-7ac6-4539-8695-03996a0657b4,airless.im,available,4.98,12.98,medium,low,7,namecheap,,,
873171d5-ef0a-4414-b0b4-55d375eace46,neurotoxic.im,available,4.98,12.98,medium,low,10,namecheap,,,03/09/2026 16:25
f7ebd22c-5417-4763-b41c-0989b65eceea,follower.im,available,,,high,low,8,,,,
359e7076-68da-4544-8c84-0b682228109d,animalism.im,available,4.98,12.98,medium,low,9,namecheap,,,19/09/2026 08:55
476e97ca-e610-4f25-b63a-bfc148432663,actinium.im,available,4.98,12.98,medium,low,8,namecheap,,,16/09/2026 19:56
3bf6b8ea-4559-4e1a-b37c-3ebd648699ca,viewer.im,available,,,high,low,6,,,,
c26f9d1c-bda8-4d76-93be-cb2080a01cdf,value.im,available,,,high,low,5,,,,
20daea60-9e10-4b9a-a4bb-d7c218c5809f,racking.im,available,4.98,12.98,medium,low,7,namecheap,,,09/09/2026 09:25
dce43f3f-d319-4b65-acd0-9bdbd55efd58,outmoded.im,available,4.98,12.98,medium,low,8,namecheap,,,14/08/2026 01:15
bec324df-ac1b-4bff-91e9-09f410e83c9e,repel.im,available,4.18,6.73,high,low,5,spaceship,,,29/09/2026 15:49
c0fed003-5876-405b-a8d4-b07015d76ede,faithfully.im,available,4.98,12.98,high,low,10,namecheap,,,14/09/2026 11:42
a051e954-5acb-4220-8b87-1a41c66a24dd,noachian.im,available,4.98,12.98,medium,low,8,namecheap,,,03/09/2026 17:58
ba652cf5-80db-482e-9a2f-72978fb40822,fallible.im,available,4.98,12.98,medium,low,8,namecheap,,,17/08/2026 21:30
ae132a9c-3f90-413a-9d82-c861f85fc773,standpoint.im,available,4.18,6.73,high,low,10,spaceship,,,01/10/2026 03:19
d3284040-0570-4dc1-8b2d-68684d3dbc2c,sinners.im,available,12.98,,medium,low,7,namecheap,,,
55000eaa-9185-478e-99f4-66240a3f57f8,explanations.im,available,4.98,12.98,medium,low,12,namecheap,,,17/09/2026 10:05
4f17e38a-2233-4387-817d-e7ffb17aa22f,mikey.im,available,12.98,,high,low,5,namecheap,,,
96f87e72-1caa-4313-884d-4adc11d71030,astonished.im,available,,,high,low,10,,,,
0cbefcf2-46f5-47e7-81d0-7e5d3436a769,sequences.im,available,4.18,6.73,medium,low,9,spaceship,,,30/09/2026 23:57
225824ff-e2e2-41f9-94e3-e06a622ce50a,performs.im,available,12.98,,medium,low,8,namecheap,,,
40c0e234-05d4-4c47-9c25-0bbaf2791e60,atilt.im,available,4.98,12.98,medium,low,5,namecheap,,,07/08/2026 13:13
05345fa5-ca7b-4262-8c5a-deca33f8fbba,terbium.im,available,4.98,12.98,medium,low,7,namecheap,,,20/09/2026 23:28
bdacadd0-689b-427a-9763-d6c18fa784db,lyons.im,available,4.98,12.98,high,low,5,namecheap,,,25/09/2026 06:03
9114269c-bcdd-4c64-831b-ad61d73489bc,freeway.im,available,,,high,low,7,,,,
0fe6e8a1-8107-4a46-bd44-df848a860c89,millie.im,available,4.18,6.73,high,low,6,spaceship,,,29/09/2026 09:08
7842af06-b443-4dbf-9524-8ae367acbb34,culturally.im,available,4.98,12.98,high,low,10,namecheap,,,14/09/2026 09:57
8a054fd5-4208-4c15-8af4-31dd1c31d3cc,dauntless.im,available,4.98,12.98,high,low,9,namecheap,,,22/09/2026 12:12
c5059858-c19e-4eab-ac89-f91a00cbab55,calves.im,available,4.18,6.73,medium,low,6,spaceship,,,29/09/2026 23:18
94309acc-8cf6-4472-8a32-84922ad351de,return.im,available,,,high,low,6,,,,
0064605d-8751-45a9-bf2a-5d631e35b9da,introduces.im,available,4.98,12.98,medium,low,10,namecheap,,,18/09/2026 14:34
37df3a92-8048-4dc9-8958-65a29a2e9bc1,beloved.im,available,,,high,low,7,,,,
0a80d3bf-f8f5-4092-8d09-514709e26779,galaxy.im,resell,,,high,medium,6,,,,29/09/2026 02:00
07ac251b-c0ac-4ffd-a93b-02dc7c3b41fc,previous.im,available,,,high,low,8,,,,
99f8f4b5-2efb-42ff-bafd-3756b2eb5d22,ovarian.im,available,4.98,12.98,medium,low,7,namecheap,,,04/09/2026 19:55
c603e195-0b40-4573-88ef-29d6795c8b0f,zones.im,available,4.98,12.98,medium,low,5,namecheap,,,29/09/2026 16:49
1dc1c5e6-0841-44a9-a01a-eb2e7872069c,ionian.im,available,4.98,12.98,high,low,6,namecheap,,,22/08/2026 09:28
4e4502c6-f054-42c7-a5c6-f6d8711da07d,prophetic.im,available,4.98,12.98,high,low,9,namecheap,,,09/09/2026 03:36
948af4c1-c381-4005-ab86-6dc4a20cb9d1,airliner.im,available,4.98,12.98,high,low,8,namecheap,,,17/09/2026 23:14
319a1250-f671-4cea-8546-0a005218178a,grave.im,available,4.98,12.98,high,low,5,namecheap,,,20/08/2026 18:38
7b878faa-0537-4ab9-b3aa-e93d02e18e12,barefaced.im,available,4.98,12.98,medium,low,9,namecheap,,,08/08/2026 09:20
cec1c861-cd2a-44d8-acca-b09bb71338af,binds.im,available,4.18,6.73,low,low,5,spaceship,,,01/10/2026 00:28
39a80f5f-08fc-4c21-bd83-77ba3bf4d90b,isaiah.im,available,4.98,12.98,high,low,6,namecheap,,,24/09/2026 06:53
fedb5d85-4f9c-4b36-b9ae-1d91cc6df13b,shooters.im,available,4.18,6.73,medium,low,8,spaceship,,,01/10/2026 00:26
6dfabecb-2d10-4d6a-8efa-f8f935797eb7,lateen.im,available,4.98,12.98,medium,low,6,namecheap,,,22/08/2026 20:29
62f3658c-0c56-4284-9cda-c98b9b1f9ae9,evitable.im,available,4.98,12.98,medium,low,8,namecheap,,,07/08/2026 22:45
f3c1ac27-5025-46ef-b187-3986ce41f8ac,blocked.im,available,,,high,low,7,,,,
3c6de1a2-2785-4812-919c-79bb8e89e9e9,basaltic.im,available,4.98,12.98,medium,low,8,namecheap,,,08/08/2026 21:29
6e1285f7-db4b-4aa3-8c50-9f134b2a41d2,amazing.im,resell,,,high,low,7,,,,22/09/2026 03:51
aec7bd8d-4077-4d0e-9790-94dbc1ec5ac7,sevastopol.im,available,7.94,9.26,medium,low,10,dynadot,,,30/09/2026 18:36
556aa4e0-c8f2-471e-8ebf-f664d7d7869a,amiss.im,available,4.98,12.98,medium,low,5,namecheap,,,
22b64fba-3ee0-4e89-b70e-58a5b049a41b,falter.im,available,4.98,12.98,high,low,6,namecheap,,,17/08/2026 21:39
2f5bc8ba-38b3-419a-918c-386f249a2df3,austen.im,available,4.98,12.98,high,low,6,namecheap,,,21/09/2026 04:37
df66a5ac-ccfe-4900-9143-f7c4e30fbfaa,anteroom.im,available,4.98,12.98,medium,low,8,namecheap,,,19/09/2026 12:42
db19f771-f89d-4981-a7b3-cae3789d1811,plate.im,available,,,high,low,5,,,,
ee75c5ab-c98a-4eec-9aa4-ff1aafc367ab,light.im,available,,,high,low,5,,,,
4453d59c-8a1f-42af-a464-f77d1a0244c1,flew.im,available,4.18,6.73,high,low,4,spaceship,,,30/09/2026 22:39
36d75f6c-7a24-4ca5-882b-42f08995f4ca,stael.im,available,4.98,12.98,medium,low,5,namecheap,,,22/09/2026 07:38
56c00983-f433-4562-a697-8391477ed904,affections.im,available,4.98,12.98,medium,low,10,namecheap,,,17/09/2026 07:05
bf9682da-79de-4eb5-9c31-0e3179dbb0a3,mummy.im,available,4.18,6.73,high,low,5,spaceship,,,28/09/2026 10:18
126741d4-42a2-41c9-811c-8f72b6c0fcb4,toothcare.im,available,12.98,,medium,low,9,namecheap,,,
b190362d-dbb2-46f7-8147-a49fa6da27a1,avid.im,available,,,high,low,4,,,,
51b4e414-7b28-4e1a-9922-d5bbb09874aa,snorty.im,available,4.98,12.98,high,medium,6,namecheap,,,10/09/2026 06:38
44c0f013-26da-4707-ba81-603af1bd36a7,banked.im,available,,,medium,low,6,,,,
f4373cc5-a251-4abe-8925-ab8f6edbb68e,breaks.im,available,4.98,12.98,medium,low,6,namecheap,,,17/09/2026 22:04
d80c08de-d6ca-4291-a368-d9fc38de12b6,picker.im,available,4.98,12.98,medium,low,6,namecheap,,,24/09/2026 14:45
faab0bd9-02d3-4508-a730-f94d8e3f3101,anamorphic.im,available,4.98,12.98,medium,low,10,namecheap,,,
0887693f-e878-44d0-82b0-289780a25e1b,coursework.im,available,4.18,6.73,high,low,10,spaceship,,,30/09/2026 16:49
4ad02421-7439-499e-8b9a-edaa9662afb7,sabbatic.im,available,4.98,12.98,medium,low,8,namecheap,,,09/09/2026 20:32
5c2f3d4f-1583-4f41-9d9f-f393178ca0d0,sensuous.im,available,4.98,12.98,high,low,8,namecheap,,,10/09/2026 03:48
c3d7fd26-0023-4cbc-b1db-786dc7144f1e,surry.im,available,4.18,6.73,medium,low,5,spaceship,,,01/10/2026 23:31
351c2e8d-394d-4031-9dc1-a377b25bd853,rioting.im,available,4.18,6.73,medium,low,7,spaceship,,,02/10/2026 06:16
e7d67be1-9452-4aa8-85ac-ebf5a8ec8661,imposed.im,available,4.98,12.98,medium,low,7,namecheap,,,21/08/2026 22:50
33395889-8922-4ae6-bc83-8cc98fbbde71,perforate.im,available,4.98,12.98,high,low,9,namecheap,,,08/09/2026 16:54
d72bc2cd-6272-4a29-8468-6e984e1c63cf,epirus.im,available,4.18,6.73,medium,low,6,spaceship,,,30/09/2026 09:34
553be02f-7136-40e8-adfc-1f7868e536b7,aerobe.im,available,12.99,12.99,medium,low,6,name.com,,,17/09/2026 12:54
9d0a1325-4792-40cd-ae6f-fb641dd0157a,hons.im,available,4.18,6.73,medium,low,4,spaceship,,,01/10/2026 15:47
946ad2d4-2d08-4647-85b6-fa4836c2009f,darrell.im,available,7.94,9.26,low,low,7,dynadot,,,28/09/2026 13:15
047d267f-d1cf-4e57-a972-9ce796339d44,thrashing.im,available,4.98,12.98,medium,low,9,namecheap,,,13/09/2026 07:54
c1c0a587-8aad-443f-9141-f26f3814df17,proper.im,available,,,high,low,6,,,,
4c6658b5-11ca-4248-9083-60f8c0f7c125,senegalese.im,available,4.98,12.98,medium,low,10,namecheap,,,10/09/2026 03:43
6bf6fb7e-d283-4f91-949f-38e39e7f5250,precast.im,available,4.98,12.98,high,low,7,namecheap,,,16/09/2026 01:12
38642598-1a86-45b4-93b4-4c079aa63892,conception.im,available,4.98,12.98,high,low,10,namecheap,,,24/09/2026 17:07
b61b5cdd-4442-4662-a51e-54ccf2daa272,roommates.im,available,4.98,12.98,medium,low,9,namecheap,,,21/09/2026 02:59
1c014b4b-86d4-4661-b10e-4243bdc4270b,nonunion.im,available,4.98,12.98,medium,low,8,namecheap,,,03/09/2026 20:58
56d90ef8-d7a2-4b9c-91b5-8b494774501f,cantonal.im,available,4.98,12.98,medium,low,8,namecheap,,,11/08/2026 17:44
26252a15-290b-4f55-b321-1fbbc3f4a044,eyeball.im,available,4.18,6.73,high,low,7,spaceship,,,02/10/2026 04:47
b454f86f-241e-43fe-bc46-4fa7778b2488,astm.im,available,4.18,6.73,medium,low,4,spaceship,,,29/09/2026 15:16
e8b08461-ec0d-4603-8373-4952294b4efc,richest.im,available,4.18,6.73,medium,low,7,spaceship,,,28/09/2026 12:54
883a818b-9592-4ac6-9ab0-8cdcdf2cfc73,risible.im,available,4.98,12.98,medium,low,7,namecheap,,,12/08/2026 19:02
26d27c53-809a-44fa-82e8-3528465779c5,ching.im,available,4.18,6.73,medium,low,5,spaceship,,,29/09/2026 08:53
18c463fc-5a3d-4cfd-bef3-efcf52c55806,sprigged.im,available,4.98,12.98,low,low,8,namecheap,,,10/09/2026 16:47
62e39214-b4a4-48ec-92ba-5f699c0aa62b,testicle.im,available,4.98,12.98,medium,low,8,namecheap,,,21/09/2026 22:59
bea4f7ef-5981-4964-93b4-89df52b43311,unbranded.im,available,4.98,12.98,high,low,9,namecheap,,,12/09/2026 04:29
f9f9e259-1309-45c8-9107-748afd7c122e,relevantly.im,available,4.98,12.98,medium,low,10,namecheap,,,15/09/2026 22:59
6a9673ad-f88c-4836-ac98-be23fd078c49,galton.im,available,4.18,6.73,medium,low,6,spaceship,,,01/10/2026 19:37
6ed7656b-383f-413a-8b92-930e1cf575cc,thawed.im,available,4.98,12.98,medium,low,6,namecheap,,,11/09/2026 12:31
faa3d808-ddb5-4c0f-98c2-c5e306d771cd,pads.im,available,4.98,12.98,high,low,4,namecheap,,,20/09/2026 10:38
34403f3b-aebd-4922-8226-3826c4fffe1b,whales.im,available,4.18,6.73,medium,low,6,spaceship,,,28/09/2026 08:48
62d880af-4970-44c3-8144-128aba76e113,keepers.im,available,7.94,9.26,medium,low,7,dynadot,,,01/10/2026 00:38
d2ab90f3-7744-4ffd-8754-34e7500a4a22,hokum.im,available,4.98,12.98,medium,low,5,namecheap,,,03/09/2026 20:34
2009953d-2269-4d74-8524-4ab66e977590,clearly.im,available,,,high,low,7,,,,
e5359070-6bba-4baa-970e-a3ae46e0d0c2,dizziness.im,available,4.18,6.73,medium,low,9,spaceship,,,30/09/2026 17:01
8a802e34-ad05-4b65-8439-e2ce38257627,artefact.im,available,4.98,12.98,high,low,8,namecheap,,,20/09/2026 10:07
919903f3-6099-4151-bc62-5078a01ccae2,testament.im,available,4.18,6.73,high,low,9,spaceship,,,28/09/2026 20:37
161d5100-2a3d-4d4f-b435-36b14f84e947,besotted.im,available,4.98,12.98,medium,low,8,namecheap,,,09/08/2026 15:27
07295691-47d9-423e-a70a-b92c257dd651,insidious.im,available,4.98,12.98,medium,low,9,namecheap,,,22/08/2026 07:05
9ef7394d-ec24-4ed4-8b91-05e8e2f3d14b,leaden.im,available,4.98,12.98,medium,low,6,namecheap,,,22/08/2026 21:44
60175657-e944-4d6f-b840-6f457684eb3d,arbitral.im,available,4.98,12.98,medium,low,8,namecheap,,,06/08/2026 12:48
b4b77db3-9c97-449b-9dcc-385e8fcc7e3f,silvery.im,available,,,medium,low,7,,,,
5ce39498-8d0f-4393-a12f-ad6ad38fa707,duplex.im,available,4.98,12.98,high,low,6,namecheap,,,14/08/2026 21:23
9c805b98-70f4-4f90-8619-5b480f3f76d0,etiology.im,available,4.98,12.98,medium,low,8,namecheap,,,17/09/2026 13:48
1a459896-e6c0-46ed-b14c-07a8fb5aa071,blueness.im,available,4.98,12.98,high,low,8,namecheap,,,10/08/2026 15:51
b4a63684-0a74-4871-96b7-4bd1182d1815,anise.im,available,12.99,12.99,high,low,5,name.com,,,19/09/2026 09:24
dc90585c-362a-4127-8396-dadb38d5b30f,spinoza.im,available,4.98,12.98,high,low,7,namecheap,,,22/09/2026 09:34
6f8d8a6f-b742-450f-aa7e-b54ce53900d9,unaged.im,available,4.98,12.98,medium,low,6,namecheap,,,12/09/2026 00:11
6cc284f3-e9ce-44ba-b3ee-4c7d573d6378,provision.im,available,,,high,low,9,,,,
bed64cba-b7b7-4416-bd7e-e343873b715a,swazi.im,available,4.98,12.98,high,low,5,namecheap,,,11/09/2026 05:27
fd57aadc-6511-484c-9af0-d217815d7347,bemock.im,available,4.98,12.98,medium,low,6,namecheap,,,25/08/2026 02:26
3e21c1cf-bf6b-4398-8fa8-e7708de00560,naseby.im,available,4.98,12.98,medium,low,6,namecheap,,,22/09/2026 15:31
b26c2387-c12b-434f-b9a5-036a46124c75,theology.im,available,7.95,9.28,high,low,8,dynadot,,,29/09/2026 14:03
5faee742-7f41-458b-b514-2ee935d154df,wesleyan.im,available,4.98,12.98,high,low,8,namecheap,,,24/08/2026 22:00
936e96f7-17ee-40bf-b761-c56503eb75e9,herpes.im,available,4.98,12.98,high,low,6,namecheap,,,30/09/2026 17:37
46e865c7-331d-48f9-a30f-507b35e72e49,pandora.im,resell,,,high,medium,7,,,,30/09/2026 06:23
6b56eea5-7a28-4f50-963e-f0e2ebfcf279,bhutanese.im,available,4.98,12.98,medium,low,9,namecheap,,,09/08/2026 18:24
e1487811-7608-4e62-828d-08a01ebd1f72,subalpine.im,available,4.98,12.98,medium,low,9,namecheap,,,
5a58c975-5806-4d17-b71e-44ce7c113bc7,ably.im,available,4.98,12.98,medium,low,4,namecheap,,,13/09/2026 16:20
f9d798d5-1fd3-459b-9128-123792f0ef9f,dwight.im,available,4.18,6.73,medium,low,6,spaceship,,,28/09/2026 07:54
ae43aff6-7d5d-45fc-9a35-dd30a0c18e0c,unconditional.im,available,4.98,12.98,high,low,13,namecheap,,,30/09/2026 03:39
251c626c-3b9c-4e9e-9c63-2fdc6bbecbb7,tartness.im,available,4.98,12.98,medium,low,8,namecheap,,,17/09/2026 03:12
10f5e2c2-ef2c-4d95-b63e-8fa1fe9bb241,austrian.im,available,4.98,12.98,high,low,8,namecheap,,,22/09/2026 13:38
aee9a544-56a5-427b-af23-40f94631af07,midlothian.im,available,4.98,12.98,medium,low,10,namecheap,,,30/09/2026 21:02
cfd0ce70-6bbd-450b-9f33-bc8ce4b80d69,tissues.im,available,4.18,6.73,medium,low,7,spaceship,,,29/09/2026 10:39
e002ba25-085a-4b32-b5ca-fb88a17dfe5b,indigotin.im,available,4.98,12.98,medium,low,9,namecheap,,,22/08/2026 03:05
4c07d068-c7d1-4645-87b7-7e47ae3f73a4,msg.im,available,,,high,low,3,,,,
ad5b05f8-cf5c-48b3-8bcd-bf2c7cb38bbc,livid.im,available,,,medium,low,5,,,,
81dd19fc-21a3-4e60-a363-b179e1208aa3,narial.im,available,4.98,12.98,medium,low,6,namecheap,,,03/09/2026 13:14
b823740b-ddfe-4b81-ad1b-62b962e00d0b,threat.im,available,,,high,low,6,,,,
5b66bfd7-c29e-4795-a679-b66e3bdb6184,deputies.im,available,4.98,12.98,low,low,8,namecheap,,,29/09/2026 05:37
21be8279-c30c-4b2e-a708-2cf55c78f190,abingdon.im,available,4.98,12.98,medium,low,8,namecheap,,,28/09/2026 22:10
15f92e17-6154-4523-b3a1-93424ff03e76,spades.im,available,7.94,9.26,high,low,6,dynadot,,,30/09/2026 14:16
98273abc-6653-4fea-b7ce-87c0006a6765,trackless.im,available,4.98,12.98,medium,low,9,namecheap,,,08/09/2026 10:29
7c0029d6-5673-4715-843a-4e5b39f6ac4d,tall.im,available,,,high,low,4,,,,
c7d74670-a69e-4d8b-823b-b3bba9c4e3ee,blacksburg.im,available,4.98,12.98,medium,low,10,namecheap,,,24/09/2026 02:57
a88615f2-8ccd-42de-9195-a3c75d61e20e,chuffed.im,available,4.98,12.98,medium,low,7,namecheap,,,12/08/2026 07:37
4151dc8c-f8ab-4c92-8c36-1e686cebbcfa,durations.im,available,4.18,6.73,low,low,9,spaceship,,,30/09/2026 07:29
fadddcc2-4067-4344-bd40-1ae47708cf4e,apteryx.im,available,4.98,12.98,medium,low,7,namecheap,,,19/09/2026 22:37
632791f8-cd1e-446d-aad1-2e8b0fd4745d,experimentally.im,available,12.98,,medium,low,14,namecheap,,,
b73fd599-fc90-46b3-8dea-81c1eab1f298,roundly.im,available,4.98,12.98,medium,low,7,namecheap,,,14/09/2026 00:45
2fd9e370-c5d1-4b9a-8ce2-9165e29e56e1,veal.im,available,4.18,6.73,medium,low,4,spaceship,,,30/09/2026 14:19
cf25800a-53e0-40d0-bab1-afc62b37789d,lover.im,resell,,,high,low,5,,,,23/09/2026 10:15
54a829f4-f061-4506-8c7e-c04b960f0b2b,paschal.im,available,4.98,12.98,medium,low,7,namecheap,,,08/09/2026 02:20
e2cb7334-ff6e-4773-b587-3435e0eb8c23,antenatal.im,available,4.98,12.98,medium,low,9,namecheap,,,22/09/2026 05:59
9bd0b452-00be-4df2-94d9-726f0a540c72,algeria.im,available,4.98,12.98,high,high,7,namecheap,,,18/09/2026 06:57
4ac07188-25f3-4768-bbc8-b81cc716e47a,formidable.im,available,4.98,12.98,high,low,10,namecheap,,,18/08/2026 12:12
ecaa6117-d2d2-4d95-a725-65737035ff9c,prostatic.im,available,4.98,12.98,medium,low,9,namecheap,,,09/09/2026 03:53
22035963-7aa9-4655-a318-377ddb0b109e,ametria.im,available,4.98,12.98,medium,low,7,namecheap,,,18/09/2026 21:07
7cd2147a-d474-4137-8fe0-74bae6b09c4a,beasts.im,available,7.94,9.26,low,low,6,dynadot,,,28/09/2026 23:05
0906c189-a63f-4693-bf3b-8ab3e32abdfa,marries.im,available,7.94,9.26,medium,low,7,dynadot,,,28/09/2026 23:51
07805e57-2401-4fd3-aa5d-b3ca96714fc7,wroth.im,available,4.98,12.98,medium,low,5,namecheap,,,13/09/2026 13:38
e36feda4-0746-4c08-af7a-e528eee2ee8a,bootleg.im,available,12.98,,high,low,7,namecheap,,,
7e67ba33-749a-452a-ba7c-86526bb197b4,puckish.im,available,4.98,12.98,medium,low,7,namecheap,,,21/08/2026 22:29
5a20fbb9-4d98-4fc8-b5ba-5ab440e8f902,verbosely.im,available,4.98,12.98,medium,low,9,namecheap,,,15/09/2026 12:43
8f38cb89-d500-4591-ba02-564edee4339b,enterprises.im,available,4.18,6.73,high,low,11,spaceship,,,29/09/2026 11:23
a3568bfc-bc3f-4242-b687-91f3aa937c03,burdensome.im,available,4.98,12.98,medium,low,10,namecheap,,,11/08/2026 10:29
86d95217-531d-40e4-99aa-7949d13ca748,carryforward.im,available,4.98,12.98,medium,low,13,namecheap,,,16/09/2026 06:47
87fcf9d0-c1f5-484a-b097-61d4599b3c51,uncreative.im,available,4.98,12.98,medium,low,10,namecheap,,,12/09/2026 06:24
9ccea18b-ee45-439d-bc25-32b0464e6c42,telephones.im,available,4.18,6.73,medium,low,10,spaceship,,,01/10/2026 00:37
96677a7e-7009-442a-bedf-f881882911c3,oldham.im,available,4.18,6.73,high,low,6,spaceship,,,28/09/2026 05:16
4f02c07f-3ac5-4bf0-ad44-04a69072c1bd,tremble.im,available,7.96,9.28,medium,low,7,dynadot,,,01/10/2026 21:40
16a39ec5-28b0-4930-ab7a-9b06cbd5defd,geniality.im,available,4.98,12.98,high,low,9,namecheap,,,17/09/2026 14:00
5f0fd29e-323b-4980-a8c1-02664e61ec21,alep.im,available,4.98,12.98,medium,low,4,namecheap,,,18/09/2026 05:14
b5c389b3-4772-411c-8fcf-b3d7bba9d60a,jihadi.im,available,4.98,12.98,medium,low,6,namecheap,,,22/08/2026 13:21
5bdf8cd5-c4e2-428b-bd73-68e2eb89d128,summers.im,available,4.18,6.73,medium,low,7,spaceship,,,29/09/2026 05:53
60dc7f1d-9b5b-4783-959b-dc2404b55575,debacle.im,available,4.98,12.98,medium,low,7,namecheap,,,13/09/2026 07:56
efa9bac7-1ab3-4a2e-9c50-b1fbc855dc14,davenport.im,available,4.18,6.73,high,low,9,spaceship,,,01/10/2026 19:12
a7aea187-93cb-43f8-8f2e-33d16aa983b4,spanish.im,available,,,high,low,7,,,,
612b3891-0d38-499a-9e2c-b05e8289a1d9,recyclable.im,available,4.98,12.98,high,low,10,namecheap,,,09/09/2026 11:31
4c39205a-37a7-439b-ac63-12db21fa809e,unloading.im,available,4.18,6.73,medium,low,9,spaceship,,,30/09/2026 11:15
d17a4952-0404-4938-9637-21b30f6ee1fa,ltd.im,resell,,,high,low,3,,,,25/09/2026 11:58
c603050c-5f6f-44f3-b153-acda979c296e,greatly.im,available,,,high,low,7,,,,
e2baa563-be16-44d8-b3e3-9970cc6bd81f,frankish.im,available,4.98,12.98,medium,low,8,namecheap,,,18/08/2026 14:14
5e2ac228-f919-46d4-a916-7dfa3d7b0e2c,beechnut.im,available,4.98,12.98,medium,low,8,namecheap,,,23/09/2026 00:13
f06cd977-be67-47f2-8e5f-b323bb3c95e9,appointed.im,available,,,medium,low,9,,,,
56e4e97e-7327-4f07-a334-dcf55ca657fc,bennington.im,available,4.98,12.98,high,low,10,namecheap,,,23/09/2026 08:33
557d1cad-8739-4173-a32d-16dc94e371c8,lyttelton.im,available,4.18,6.73,medium,low,9,spaceship,,,02/10/2026 01:07
20363113-07e2-44a1-ae42-2303b9b57fd4,liberally.im,available,4.98,12.98,medium,low,9,namecheap,,,14/09/2026 21:12
09e95480-54fc-4d3c-9a87-9ab1ae85d93d,macabre.im,available,4.98,12.98,medium,low,7,namecheap,,,18/08/2026 23:19
d57f9a39-8522-4291-83e8-650fd6c2bffd,reject.im,available,4.98,12.98,high,low,6,namecheap,,,24/09/2026 20:15
27c218e6-7569-4962-a357-2dd6ec9d0ae1,caused.im,available,4.98,12.98,medium,low,6,namecheap,,,25/09/2026 18:57
604ad01c-3b33-43cc-b591-ffef48bdb6da,peanut.im,available,4.98,12.98,high,low,6,namecheap,,,08/09/2026 11:13
cc638100-c724-4ba9-9aec-b09c461fc4d1,weaponry.im,available,4.98,12.98,medium,low,8,namecheap,,,20/09/2026 07:43
004234f5-e818-4c61-9dc3-459a949ae2e9,claxon.im,available,4.98,12.98,medium,low,6,namecheap,,,23/09/2026 01:29
a01982d5-60d5-4f22-83f4-4b367d08f44f,atonia.im,available,4.98,12.98,medium,low,6,namecheap,,,19/09/2026 00:37
4f224e1a-b2d6-4276-afb8-19cfe4d5c063,grugru.im,available,4.98,12.98,medium,low,6,namecheap,,,17/09/2026 03:33
121204ee-f785-477b-aafc-58091c9c9e0c,bro.im,available,,,high,low,3,,,,
72100568-4dea-423e-800b-a613d89124a0,progressively.im,available,7.94,9.26,medium,low,13,dynadot,,,30/09/2026 12:19
580a5c2f-a139-49e8-872f-a43cf51cc8a7,unshaved.im,available,4.98,12.98,low,low,8,namecheap,,,12/09/2026 19:42
f33eef9e-efec-42f6-a174-f3c07ac574b1,linnaean.im,available,4.98,12.98,medium,low,8,namecheap,,,23/08/2026 16:38
f9829c2b-0e11-4e72-a4e5-c3d92870d400,wharton.im,available,4.98,12.98,high,low,7,namecheap,,,25/09/2026 22:32
a4effc0e-80e5-4995-813d-59a650634a7a,oodles.im,available,4.98,12.98,high,low,6,namecheap,,,14/09/2026 23:32
4ff6cb07-4605-4b99-a006-c7e8250bd93d,negotiations.im,available,4.98,12.98,medium,low,12,namecheap,,,17/09/2026 08:01
6170728b-c807-413b-94a8-47924a37a5a4,mervyn.im,available,4.18,6.73,medium,low,6,spaceship,,,30/09/2026 20:52
6117f3a3-73ad-4402-853b-9ee50b992f7e,elam.im,available,4.98,12.98,medium,low,4,namecheap,,,30/09/2026 01:29
d118c1aa-6e1d-455a-8a9c-f2812eb2e71f,fascist.im,available,4.98,12.98,medium,low,7,namecheap,,,17/08/2026 22:58
b37ddb31-e05f-4bf5-9335-55b6e03ab473,morally.im,available,4.98,12.98,medium,low,7,namecheap,,,15/09/2026 15:25
288f05f2-e6f0-46af-85c3-38f3d0ac1223,tens.im,available,7.95,9.28,medium,low,4,dynadot,,,29/09/2026 03:02
a7d5bde2-4e4a-483d-82df-5626c9723967,alla.im,available,4.18,6.73,high,low,4,spaceship,,,29/09/2026 15:17
9598164b-8756-4761-9c39-1e536094f032,floury.im,available,4.98,12.98,medium,low,6,namecheap,,,18/08/2026 09:00
c26f27e3-e488-464a-8897-7e11cb7b8d35,rented.im,available,4.98,12.98,medium,low,6,namecheap,,,17/09/2026 18:45
577725d0-a3fb-4938-8e37-9566a3d6abb9,opel.im,available,4.18,6.73,high,medium,4,spaceship,,,30/09/2026 10:39
1ad952c9-7ef3-4771-9000-9b83e9bfb6e9,ruins.im,available,4.18,6.73,medium,low,5,spaceship,,,28/09/2026 12:46
485ad5ed-cc8a-4c1f-bb2f-e49614f227a1,hogarth.im,available,7.95,9.28,high,low,7,dynadot,,,29/09/2026 13:03
012985a3-41a1-4d1a-af79-339c49fe6b36,suspense.im,available,4.18,6.73,high,low,8,spaceship,,,30/09/2026 12:39
7801ecad-9a52-4d8c-aa18-ec0c4a72f435,medicines.im,available,7.94,9.26,medium,low,9,dynadot,,,30/09/2026 06:22
e075c867-984e-4032-8042-77df676d852b,megascopic.im,available,4.98,12.98,medium,low,10,namecheap,,,24/08/2026 19:26
a1715b1c-110d-499e-afeb-5d745c093618,antilope.im,available,4.98,12.98,medium,low,8,namecheap,,,19/09/2026 14:39
098474a8-1daa-4db1-9d31-266ecf9fa33b,webmasters.im,available,4.98,12.98,medium,low,10,namecheap,,,18/09/2026 23:06
8d1b2e91-7deb-44f1-aeef-ac425602053d,detain.im,available,4.98,12.98,high,low,6,namecheap,,,24/09/2026 21:28
65e896f1-179e-4ab3-bc37-9406c0552372,silvertip.im,available,4.98,12.98,medium,low,9,namecheap,,,20/08/2026 20:13
9e929f38-a230-423b-a82a-039b0aabefec,swarthmore.im,available,4.18,6.73,medium,low,10,spaceship,,,30/09/2026 04:33
13bb0b07-8e89-4bbd-96e3-0c330570529e,malamud.im,available,4.98,12.98,medium,low,7,namecheap,,,23/09/2026 09:50
3697cb00-c1e1-4acd-ad40-7a078091bbd2,aguacate.im,available,4.98,12.98,medium,low,8,namecheap,,,07/08/2026 23:46
78d9951a-a295-4b47-90e1-67060068c59d,antitrade.im,available,4.98,12.98,medium,low,9,namecheap,,,19/09/2026 15:13
b8ddcd02-5be7-4507-b0ab-60687e24bb1a,heady.im,available,4.98,12.98,medium,low,5,namecheap,,,18/08/2026 10:29
b047d56b-9bdd-464d-a8f2-5e14b31e0133,crank.im,available,4.98,12.98,medium,low,5,namecheap,,,13/08/2026 04:51
287b8adc-7ec0-44a8-ad3a-44c74ae28ed2,unflagging.im,available,4.98,12.98,medium,low,10,namecheap,,,22/08/2026 02:31
1dfe7a03-e401-4125-b77b-0743e0e2ce82,fascination.im,available,4.18,6.73,high,low,11,spaceship,,,29/09/2026 16:24
b89cf8ba-ebf5-408d-82b0-942bd9983f20,ironically.im,available,4.98,12.98,medium,low,10,namecheap,,,15/09/2026 09:24
a8c84ac1-2858-4005-9b77-d243e2840c5a,upset.im,available,,,medium,low,5,,,,
1a660785-0de7-423f-97b7-692588421011,triumphal.im,available,4.98,12.98,high,low,9,namecheap,,,17/08/2026 19:54
a592abca-1788-47e0-a3a1-d70e8c57d27c,wehrmacht.im,available,4.18,6.73,medium,low,9,spaceship,,,28/09/2026 16:22
881c44c4-408d-4633-9ce4-96c516f72bd2,whirlwind.im,available,4.18,6.73,high,low,9,spaceship,,,30/09/2026 19:05
60cdb3da-ab68-4f41-83fc-9e0ef82baa33,furnish.im,available,7.94,9.26,high,low,7,dynadot,,,30/09/2026 11:07
d578864d-0eb5-4255-a1c3-f0f773e1d2db,fleer.im,available,4.98,12.98,low,low,5,namecheap,,,18/08/2026 17:47
2966252e-5f2b-4750-960e-e7d3acaceed9,unstained.im,available,4.98,12.98,medium,low,9,namecheap,,,10/09/2026 18:17
fcd9ef98-0f5d-462c-85ea-53abe37c93e3,thither.im,available,4.98,12.98,medium,low,7,namecheap,,,16/09/2026 08:57
b50effec-7539-4c39-a97e-593a2291e8f7,bearable.im,available,,,medium,low,8,,,,
ac7ec7e6-c223-4520-af4f-e6478eec7320,forging.im,available,7.94,9.26,high,low,7,dynadot,,,30/09/2026 17:22
e30c494b-0d69-41da-abbd-246d3c2333cc,galax.im,available,4.98,12.98,medium,low,5,namecheap,,,23/09/2026 01:54
4fe29033-5ebe-486c-bcfa-3687cffb0f73,surveys.im,available,4.98,12.98,medium,low,7,namecheap,,,17/09/2026 07:59
b96e85ab-ea21-43b8-b864-ec6432398936,direction.im,available,,,high,low,9,,,,
8a1ed499-13c7-496f-a292-8b515b0efa66,females.im,available,4.98,12.98,medium,low,7,namecheap,,,18/09/2026 19:27
b7713049-a6f2-4264-81e7-6a90045cb69a,sensor.im,resell,,,high,low,6,,,,29/09/2026 14:18
a5b8d320-9402-4ef3-b695-f1a41272cedc,nebulously.im,available,4.98,12.98,low,low,10,namecheap,,,15/09/2026 16:18
164d24c2-8665-4e70-863a-74018d091f4e,womanly.im,available,4.98,12.98,high,low,7,namecheap,,,13/09/2026 13:03
1efe3724-d19f-4ef9-9f20-aa1bb835b5d2,soluble.im,available,4.98,12.98,medium,low,7,namecheap,,,10/09/2026 13:45
dcf42fda-affa-44ab-b395-909c0a871cef,corinthian.im,available,4.98,12.98,high,low,10,namecheap,,,13/08/2026 01:16
5f0206d5-6a85-4f7d-be77-1445adc053ab,pantie.im,available,4.98,12.98,medium,low,6,namecheap,,,09/09/2026 22:40
62e3f2ea-359c-4ac5-9a43-02a925856799,flowery.im,available,4.98,12.98,high,low,7,namecheap,,,18/08/2026 09:09
e8cc293e-0d70-40ea-acb2-60972106fe20,uttermost.im,available,4.98,12.98,high,low,9,namecheap,,,17/08/2026 22:44
9497387c-a77c-4f1a-bbc7-48fe17c72a14,etiquette.im,available,4.18,6.73,high,low,9,spaceship,,,29/09/2026 18:48
00fdb9a6-61a7-4da7-9657-aa433db33083,lammas.im,available,4.98,12.98,medium,low,6,namecheap,,,21/09/2026 03:43
8fd9d5bb-2b1b-4aa2-8cdb-827b16f8b8f5,tunic.im,available,4.98,12.98,high,low,5,namecheap,,,17/09/2026 10:34
19cab66a-bee3-4caf-9a90-1035e0ed99cf,uncured.im,available,4.98,12.98,medium,low,7,namecheap,,,12/09/2026 06:39
197cecd1-d1e2-44c2-b599-0d5fce6ef137,businessmen.im,available,4.18,6.73,high,low,11,spaceship,,,28/09/2026 08:52
867f6882-8787-465b-b45a-309372a5e2ba,cwa.im,available,7.95,9.28,medium,low,3,dynadot,,,29/09/2026 22:10
d7770c19-34dd-4c36-a963-a64f02a2fb8e,varies.im,available,4.18,6.73,medium,low,6,spaceship,,,01/10/2026 14:19
0692b148-47a5-4dfc-beef-9927a186ee14,carrie.im,available,4.18,6.73,high,low,6,spaceship,,,02/10/2026 04:14
6d05248a-4408-4d24-8467-90bc5f3ce1d2,civilians.im,available,4.18,6.73,medium,low,9,spaceship,,,28/09/2026 05:06
84464f17-862e-4647-af4a-1f1cad63c296,pouched.im,available,4.98,12.98,high,medium,7,namecheap,,,09/09/2026 00:55
e00d2a01-a673-4ad7-96b4-10feb3fcfb22,phonic.im,available,4.98,12.98,medium,low,6,namecheap,,,08/09/2026 19:06
77baafb4-4d3c-4e0e-aaa6-1879ec30b8f0,arrested.im,available,4.98,12.98,medium,low,8,namecheap,,,17/09/2026 20:22
07815643-d43f-4a6d-8295-75d2607ab57c,slows.im,available,4.18,6.73,medium,low,5,spaceship,,,02/10/2026 02:13
ec78a41f-49db-45eb-bb94-97922dbf4483,unopposed.im,available,4.98,12.98,medium,low,9,namecheap,,,12/09/2026 16:16
a0b7b6d4-66eb-4843-a24d-a86d6ff76f37,casts.im,available,4.18,6.73,medium,low,5,spaceship,,,01/10/2026 00:30
ebce1b56-28c3-4549-80ca-22f4a44dd213,warhead.im,available,4.18,6.73,high,low,7,spaceship,,,30/09/2026 18:18
3bb0a900-a8d8-4cbc-9084-8f399e367bbf,rich.im,resell,,,high,low,4,,,,19/09/2026 18:40
50fee786-5b6c-41a9-b4b9-8f399b6f361a,bitstock.im,available,4.98,12.98,medium,low,8,namecheap,,,23/09/2026 22:47
c74b7343-62d1-4773-b796-70b2b71a47ae,serbs.im,available,4.98,12.98,medium,low,5,namecheap,,,20/09/2026 12:11
091c343d-cfe8-4f69-b2c2-2792b2307eb0,loony.im,available,4.98,12.98,medium,low,5,namecheap,,,06/08/2026 21:17
9356e228-edec-42f8-8231-7d2b3cace3ca,dataflow.im,available,4.98,12.98,high,low,9,namecheap,,,04/09/2026 04:48
78a97029-4af5-413d-b718-b8f412232989,jelled.im,available,4.98,12.98,medium,low,6,namecheap,,,12/08/2026 21:27
85c76ca2-ba93-4143-82af-9504625d5f82,provocative.im,available,4.18,6.73,high,low,11,spaceship,,,29/09/2026 08:33
2d5ca323-248f-4e95-b889-f6a1e1aef6ac,baneberry.im,available,4.98,12.98,medium,low,9,namecheap,,,22/09/2026 01:43
89a5d5f8-0966-43e6-8f58-7ee2ef48c3f6,sceptical.im,available,4.98,12.98,medium,low,9,namecheap,,,14/08/2026 09:36
e187ad7b-dc0d-414d-b3de-938a78352021,subtly.im,available,4.98,12.98,medium,low,6,namecheap,,,16/09/2026 07:33
013df7f8-f0db-4c5e-8f78-e81347d10fdd,perrin.im,available,4.18,6.73,medium,low,6,spaceship,,,29/09/2026 04:24
fa58d1f8-4a98-4139-a857-9678b77a21d2,snowfall.im,available,7.96,9.28,high,low,8,dynadot,,,01/10/2026 21:44
4d152fef-292c-456f-9551-7906206d36d9,acapulco.im,available,4.98,12.98,high,low,8,namecheap,,,16/09/2026 21:10
ede1532c-96e8-4ee7-a6fe-c19243feb12a,phd.im,resell,,,high,low,3,,,,25/09/2026 09:56
96f42eca-7638-42ed-b9e5-1d4098812099,declares.im,available,4.18,6.73,medium,low,8,spaceship,,,01/10/2026 00:10
f77198da-e6c7-44e3-9880-9bd4bef70673,tendencies.im,available,4.18,6.73,medium,low,10,spaceship,,,29/09/2026 17:02
70072e47-612b-4674-938d-b69e63c1e423,saltlike.im,available,4.98,12.98,high,medium,8,namecheap,,,09/09/2026 20:58
734a3089-71af-442b-8259-a2328a09c88d,speeding.im,available,,,high,low,8,,,,
a31e0893-d2c4-47d2-8940-2e5694dbc08e,babble.im,available,4.98,12.98,high,low,6,namecheap,,,21/09/2026 12:19
f47ebb0d-71ed-42c7-9072-3f9a4e507c38,eighth.im,available,4.98,12.98,high,low,6,namecheap,,,
2d3f81cb-bf7f-4cfe-99e4-6edd3f54930e,bordering.im,available,4.18,6.73,medium,low,9,spaceship,,,30/09/2026 12:10
38f613a6-538c-4e16-834a-91e8f1af9c71,faddy.im,available,4.98,12.98,medium,low,5,namecheap,,,17/08/2026 20:35
d65bb176-df82-4194-a2bf-ad11fe5f3b39,fugacious.im,available,4.98,12.98,medium,low,9,namecheap,,,17/08/2026 10:20
fe326a79-fbe3-4348-88f8-3bfbc6e18037,opulent.im,available,4.98,12.98,high,low,7,namecheap,,,14/08/2026 00:58
cfc56540-93d4-46ce-a8ee-e7ad0695c7d5,horizon.im,resell,,,high,high,7,,,,19/09/2026 20:16
51429ae6-f753-4e29-8c29-88293033075f,anklebone.im,available,4.98,12.98,medium,low,9,namecheap,,,19/09/2026 09:43
6213bd65-40b7-4292-a6ed-35b3b0dbd68c,mount.im,available,,,high,low,5,,,,
ec43416b-29b3-446a-928c-010b92074c0d,absolute.im,available,,,high,low,8,,,,
7628720f-e9e4-4810-b2dc-17aa363ef4ee,vend.im,available,4.18,6.73,high,low,4,spaceship,,,30/09/2026 02:34
a055c2a4-0a0d-46d5-8314-733e094881c9,sleeve.im,available,4.98,12.98,high,low,6,namecheap,,,27/09/2026 15:53
8f5bc489-da73-463c-bfd1-af104585f772,enslaved.im,available,4.18,6.73,low,low,8,spaceship,,,30/09/2026 22:26
68b0a604-add6-409c-bcf8-9dc2756e7caf,epicene.im,available,4.98,12.98,medium,low,7,namecheap,,,12/08/2026 08:38
578b62df-e5e4-4c44-ae77-07900e80caf7,unabated.im,available,4.98,12.98,medium,low,8,namecheap,,,11/09/2026 23:24
f6861c5d-72f5-45cf-9ee8-3bc72fbe5468,racetrack.im,available,4.18,6.73,high,low,10,spaceship,,,30/09/2026 18:25
eb7f8531-22d0-4bc3-8906-bdf9edbafae6,blind.im,available,,,high,low,5,,,,
ecb6cf50-3508-4c7d-9987-177b8602e0dc,dissimilar.im,available,4.98,12.98,medium,low,10,namecheap,,,14/08/2026 12:48
c582ac63-a669-4d15-b44a-d2e872736dc7,wasnt.im,available,4.98,12.98,low,low,5,namecheap,,,02/10/2026 04:19
74eb90ca-72a8-43c7-b081-274517ee9f14,pasang.im,available,4.98,12.98,medium,low,6,namecheap,,,23/09/2026 12:24
7c6879ee-1cd4-48ad-a08c-c189bee5ec6c,grows.im,available,4.98,12.98,medium,low,5,namecheap,,,27/09/2026 10:10
f1266172-132d-46fd-b2c1-eccfe2253384,consider.im,available,4.98,12.98,high,low,8,namecheap,,,24/09/2026 05:21
07257050-0d04-4118-9a99-081d57e17aa6,maxine.im,available,4.18,6.73,medium,low,6,spaceship,,,28/09/2026 22:02
cbf1ad01-b70f-4f1b-99d4-38826cbd1f44,fraught.im,available,4.98,12.98,medium,low,7,namecheap,,,18/08/2026 14:23
bab71003-dde6-4196-af6d-642177a29fc0,solace.im,resell,,,high,low,6,,,,01/10/2026 01:31
38af307b-7486-4c31-ac7e-12e6df179ef3,musset.im,available,4.98,12.98,medium,low,6,namecheap,,,18/09/2026 06:29
8cb91bf4-1cc7-4a96-8a98-207a8c9f96e1,battleship.im,available,4.98,12.98,high,low,10,namecheap,,,22/09/2026 16:29
21d905bc-1115-41fe-a3e9-7d34da34b3f6,excitable.im,available,4.98,12.98,medium,low,9,namecheap,,,17/08/2026 16:22
bdb25eff-0aef-4b61-bdfe-321126f28747,visconti.im,available,4.98,12.98,medium,low,8,namecheap,,,30/09/2026 01:25
092b045e-70ad-4722-96b1-1c6f11bf4eea,humankind.im,available,4.18,6.73,high,low,9,spaceship,,,02/10/2026 05:22
eef9d17a-3493-48b4-89f9-160baeaf4f02,fainted.im,available,7.92,9.24,low,low,7,dynadot,,,02/10/2026 03:03
a9a32cd8-0e9f-4b5b-876e-bb310548f3c6,hallelujah.im,available,4.18,6.73,high,low,10,spaceship,,,29/09/2026 19:07
522454c3-b8a5-45a9-af86-d2d2cfe47f6a,similar.im,available,,,high,low,7,,,,
c13b917a-eedd-4801-a0e5-ab74cfb097bb,contributions.im,available,4.98,12.98,low,low,13,namecheap,,,29/09/2026 10:13
a0fc9486-c8e0-4928-a485-9daa70f4aa50,incidentally.im,available,4.18,6.73,medium,low,12,spaceship,,,28/09/2026 21:17
2e43fa09-2526-4872-8c25-55cc266ffb79,casebook.im,available,4.98,12.98,high,low,8,namecheap,,,08/09/2026 03:38
ff96b6eb-1428-4842-b01a-909a264abf42,donnie.im,available,7.94,9.26,medium,low,6,dynadot,,,30/09/2026 13:12
08186f15-2cab-40fc-a1f8-9e1162bf4725,untagged.im,available,4.98,12.98,medium,low,8,namecheap,,,12/09/2026 14:35
979d3954-6844-4e02-a463-298101348277,supple.im,available,4.98,12.98,high,low,6,namecheap,,,23/08/2026 11:09
cf5595a4-ffb0-4952-bbd1-54aacd2fc5c6,sedgy.im,available,4.98,12.98,medium,low,5,namecheap,,,10/09/2026 01:38
b8379277-95b2-45d2-a601-395b9410dcf5,stockholders.im,available,4.18,6.73,medium,low,12,spaceship,,,01/10/2026 18:35
a702ba1a-cbb1-4dc8-9879-5dd4493daebd,books.im,resell,,,high,medium,5,,,,17/09/2026 07:04
20b0cb68-371f-4faf-a51e-73d93687c46d,crecy.im,available,4.98,12.98,medium,low,5,namecheap,,,22/09/2026 15:02
fe9d13a9-2e0f-4928-adb6-589afc641bee,rampant.im,available,4.98,12.98,high,medium,7,namecheap,,,09/09/2026 10:11
c1b508cf-ab7a-4fe5-b019-2ed16fe49fd0,toasted.im,available,4.98,12.98,high,low,7,namecheap,,,11/09/2026 16:35
3b4aeebc-2ef1-4f25-82dc-82d957959615,hearn.im,available,4.18,6.73,medium,low,5,spaceship,,,29/09/2026 15:40
fde72bf6-0b2a-492a-afb3-0ef76eaca319,kidnap.im,available,4.18,6.73,medium,low,6,spaceship,,,28/09/2026 20:48
d55e1a52-7aed-4dfc-be48-52da19b09b82,varsity.im,available,4.98,12.98,high,medium,7,namecheap,,,30/09/2026 01:38
da573ce7-0491-48b8-9842-65d28ff537cb,pycnotic.im,available,4.98,12.98,high,medium,8,namecheap,,,09/09/2026 06:51
8566c3cd-c668-46d8-8e55-1309c0920a64,subhuman.im,available,4.98,12.98,medium,low,8,namecheap,,,10/09/2026 23:56
3f774e49-684f-4c40-a05a-529c5123fe21,defends.im,available,4.18,6.73,low,low,7,spaceship,,,02/10/2026 02:36
6696cd43-a647-431e-8dad-93d8e5550a1f,hillsdale.im,available,4.18,6.73,high,low,9,spaceship,,,29/09/2026 22:46
268a80dc-f8b1-4092-b065-79a2c0910fc7,nitric.im,available,4.98,12.98,medium,low,6,namecheap,,,08/08/2026 02:58
f0d0e099-d750-4ca4-aedf-100b5be47512,foliose.im,available,4.98,12.98,medium,low,7,namecheap,,,18/08/2026 10:11
26cf4d7c-492c-4bdd-9b91-d1356843156f,vowed.im,available,4.18,6.73,high,low,5,spaceship,,,29/09/2026 23:41
c3386f8a-7ae4-4c9e-b472-32f5532673c7,disulfiram.im,available,4.98,12.98,medium,low,10,namecheap,,,19/09/2026 12:22
ec040f86-fd52-411b-8d12-1fd566c8fff2,gaps.im,available,4.98,12.98,low,low,4,namecheap,,,20/09/2026 11:47
e7a2f5e7-15bf-4eac-99be-8f745bae4eee,galbraith.im,available,4.18,6.73,medium,low,9,spaceship,,,29/09/2026 07:01
e86fa241-5685-42b2-9de7-11dad6f6906c,intensely.im,available,4.98,12.98,high,low,9,namecheap,,,15/09/2026 08:54
cb28edb7-044b-4b63-9b91-8e4841b664a8,venomed.im,available,4.98,12.98,medium,low,7,namecheap,,,13/09/2026 02:06
b1b66bee-c440-48ed-9f37-813573224e4b,osce.im,available,4.98,12.98,high,high,4,namecheap,,,30/09/2026 20:23
e24039ed-852d-4192-b93a-3aaba43b2df2,moment.im,available,,,high,low,6,,,,
85f2b1f2-b716-4474-97ac-507f0eed0b53,bagman.im,available,4.98,12.98,medium,low,6,namecheap,,,21/09/2026 18:10
30e8d6d9-1649-496c-80fb-235deb70b4df,digitizer.im,available,4.98,12.98,high,low,9,namecheap,,,19/09/2026 01:49
9747af2a-ab58-43e8-be62-fa4693be5b1a,daedal.im,available,12.99,12.99,medium,low,6,name.com,,,13/08/2026 15:30
48ec63d6-74e9-444c-a9b2-9669809c7168,lay.im,available,,,high,low,3,,,,
37a7541c-3f27-41f4-a95e-1d56124dc2b1,scrutiny.im,available,4.18,6.73,high,low,8,spaceship,,,30/09/2026 01:34
2091abe3-fc48-4d60-89e9-228940f42eff,enemies.im,available,4.98,12.98,medium,low,7,namecheap,,,25/09/2026 17:51
4aef67b3-e89f-4596-875d-10140e6defa0,actium.im,available,4.98,12.98,medium,low,6,namecheap,,,17/09/2026 05:08
0f3d8bc3-fb03-43df-b9f6-bd0178a2fb81,evening.im,resell,,,high,low,7,,,,24/09/2026 15:27
68495ceb-dbb0-4fed-b406-7b00b2222fc6,attentions.im,available,4.98,12.98,medium,low,10,namecheap,,,19/09/2026 21:27
507ab921-5c66-42eb-91db-6236e21aea69,sufi.im,available,4.98,12.98,high,low,4,namecheap,,,11/09/2026 01:14
2aaaa44a-b96f-4b0a-bf94-580798234623,choreography.im,available,4.18,6.73,medium,low,12,spaceship,,,01/10/2026 15:29
d4838400-51b5-4c4b-a7d3-81cccbbd3943,blindness.im,available,4.18,6.73,medium,low,9,spaceship,,,29/09/2026 17:58
8d52d8a3-15c1-4215-b5c8-108d27444b32,amberbell.im,available,4.98,12.98,medium,low,9,namecheap,,,18/09/2026 16:32
fa477acb-710a-4e28-93f8-ebf1750c0444,permutable.im,available,4.98,12.98,medium,low,10,namecheap,,,08/09/2026 17:50
b0dc6473-c1b4-4a80-97b3-9e8e2c901e26,awful.im,available,,,high,low,5,,,,
52060b2f-598d-442c-966d-f4d15cad0b5e,apostasy.im,available,4.98,12.98,medium,low,8,namecheap,,,19/09/2026 19:16
2b4ea0fa-b7d9-4c11-a51c-91d9c1e17dbf,adjacency.im,available,4.98,12.98,medium,low,9,namecheap,,,17/09/2026 08:24
1339542d-9d5f-4a76-92d6-7ea63c0a3ed1,commissioners.im,available,4.18,6.73,low,low,13,spaceship,,,02/10/2026 02:36
10e6b45f-bd63-4347-b885-a574243a817a,bicuspid.im,available,4.98,12.98,high,low,8,namecheap,,,09/08/2026 19:44
8335ef13-91c9-4444-8a40-121af00cb544,alastair.im,available,4.18,6.73,medium,low,8,spaceship,,,01/10/2026 08:31
d608e179-b63d-4c7b-bf98-db1d298a417d,mankato.im,available,4.98,12.98,high,low,7,namecheap,,,30/09/2026 17:58
1b159f5f-9876-48d5-91c8-d1dd3a2150bd,billions.im,available,4.18,6.73,medium,low,8,spaceship,,,29/09/2026 06:04
47560c6b-278a-4839-b6fc-9589d0ef083b,decadent.im,available,4.98,12.98,high,low,8,namecheap,,,13/08/2026 20:50
955af9a2-aa2f-46fd-8181-8bd131f64178,breakaway.im,available,4.98,12.98,high,low,9,namecheap,,,11/08/2026 03:01
3048be1b-01f6-4435-a776-bda7fffa60ed,irrational.im,available,,,high,low,10,,,,
17c81082-bcc1-4f74-a5f4-6862e0990d74,arginine.im,available,4.98,12.98,medium,low,8,namecheap,,,20/09/2026 04:24
9db01873-26c6-46aa-9e7d-f79e2b20a220,barksdale.im,available,4.18,6.73,medium,low,9,spaceship,,,02/10/2026 00:54
83188655-0f08-457d-8ee7-dbd7eade934f,saddle.im,available,4.18,6.73,high,low,6,spaceship,,,29/09/2026 02:22
340d3310-8048-4fb0-8e35-09e0cb80ec43,humoring.im,available,4.98,12.98,medium,low,8,namecheap,,,05/09/2026 00:31
e49995ab-15fb-4591-b5ea-6e0e800199dc,specimens.im,available,4.18,6.73,low,low,9,spaceship,,,29/09/2026 16:57
efdf8034-40f9-41e1-8bf1-27b0a1444c86,selma.im,available,4.18,6.73,high,low,5,spaceship,,,28/09/2026 03:04
c285a85a-71a3-465a-94f7-a052053a3414,temptation.im,available,4.18,6.73,high,low,10,spaceship,,,28/09/2026 09:41
aca2b754-61c3-4117-8adb-e392cf727c04,algiers.im,available,4.98,12.98,high,low,7,namecheap,,,18/09/2026 06:59
1c61d26c-cf38-4747-b616-d944b1215fab,poisoned.im,available,4.18,6.73,medium,low,8,spaceship,,,27/09/2026 17:38
ff619bcb-d0c8-4707-b06d-43fed5f302c0,warnings.im,available,4.18,6.73,low,low,8,spaceship,,,29/09/2026 17:44
fb048bc2-4117-4cc9-88fa-c0a7e62b5268,relations.im,available,,,high,low,9,,,,
d5fb5afa-79e0-4e49-a3a9-03b1fd4bf088,reunion.im,available,4.18,6.73,high,medium,7,spaceship,,,30/09/2026 10:12
227d25d0-0ae9-4662-8ee0-97e77125e237,brusque.im,available,4.98,12.98,medium,low,7,namecheap,,,11/08/2026 07:02
a83a4870-e628-4181-ab64-a28c456a646c,georgians.im,available,4.18,6.73,medium,low,9,spaceship,,,01/10/2026 01:07
c84edd25-0927-4958-8020-8ca94691ea2d,dourly.im,available,4.98,12.98,low,low,6,namecheap,,,14/09/2026 13:56
45efeff9-faa2-43f2-bca7-82bfec656485,manage.im,available,,,high,medium,6,,,,
cd2cf3f4-ed13-44bf-a620-52e539e83ba0,lock.im,resell,,,high,low,4,,,,29/09/2026 23:33
b4d3058f-584e-42c3-96bc-99a10aa5cc75,hater.im,available,4.18,6.73,medium,low,5,spaceship,,,29/09/2026 22:19
95f1fd4d-2a15-404b-aa37-d0b1641e97b9,hackmatack.im,available,12.99,12.99,medium,low,10,name.com,,,22/09/2026 00:09
554f11ac-81fb-4e38-aec7-65fa28abff9f,nitrous.im,available,4.98,12.98,medium,low,7,namecheap,,,08/08/2026 03:03
a57207ca-c17d-4c73-a324-2afe4c982f11,adultery.im,available,4.98,12.98,medium,low,8,namecheap,,,17/09/2026 10:25
8ca99276-9302-440c-bf23-21b08c640ef2,perfidy.im,available,4.98,12.98,medium,low,7,namecheap,,,23/09/2026 11:25
c5d686dc-0989-43a2-9190-332cbeac060f,vulvar.im,available,4.98,12.98,medium,low,6,namecheap,,,13/09/2026 07:29
b7dd2b4c-7498-485a-b9da-6a7bc49bcd3a,campy.im,available,4.98,12.98,medium,low,5,namecheap,,,11/08/2026 15:48
f8430925-217d-4eaf-b106-99eedf2ddf0c,petrarch.im,available,4.18,6.73,medium,low,8,spaceship,,,01/10/2026 02:14
d6aebf2f-abce-4da9-a03d-d14498dc9d4d,appraised.im,available,12.99,12.99,medium,low,9,name.com,,,18/09/2026 22:16
e8b1ac3d-9918-466f-98fd-1fe0fb0d0bdf,pianissimo.im,available,4.98,12.98,high,medium,10,namecheap,,,08/09/2026 19:27
c2a16b80-0d08-46fc-9ba9-811c3d6e31d5,evangeline.im,available,4.18,6.73,high,low,10,spaceship,,,30/09/2026 21:10
2af21a38-674e-4b4b-8a68-76acaf9fbb36,rid.im,available,,,high,low,3,,,,
e743e881-9e4e-445e-9103-9f99a9ddaa44,primordium.im,available,12.99,12.99,medium,low,10,name.com,,,19/09/2026 09:53
0f608e1d-e463-4cf8-808a-dda030962391,naples.im,available,4.98,12.98,medium,low,6,namecheap,,,29/09/2026 07:39
fcbf001f-defe-4293-9df6-9e20eff547d2,handgun.im,available,4.18,6.73,high,low,7,spaceship,,,01/10/2026 19:54
2a7fee48-9910-40ed-9249-6d1600a7f650,blurred.im,available,4.98,12.98,medium,low,7,namecheap,,,22/09/2026 23:21
d1309024-1555-4149-9722-f5011f818ea5,upward.im,available,,,high,low,6,,,,
bea5da8e-7c39-47b2-9837-f9ad48b8417a,seedless.im,available,4.98,12.98,medium,low,8,namecheap,,,10/09/2026 01:45
673715d3-074e-4e9e-9b57-d093bb14d476,breastfeed.im,available,12.98,,high,low,11,namecheap,,,
4695d52b-60f0-4505-9390-2b9d4f570b23,noble.im,available,,,high,low,5,,,,
60e84e63-d841-40c0-92f7-c0a3be759149,recovering.im,available,,,high,low,10,,,,
11caad0f-795c-4f56-a17f-c3fcc25a8af4,corsican.im,available,4.98,12.98,high,low,8,namecheap,,,13/08/2026 02:33
34a38526-a0cb-4224-9c7d-4d879e25bbf2,agrologic.im,available,4.98,12.98,medium,low,9,namecheap,,,
e2cc81c1-5516-447c-b4d6-f55977a459f9,spurious.im,available,4.98,12.98,medium,low,8,namecheap,,,09/08/2026 00:03
27951957-af2f-4957-875b-13f1adb1f194,belisarius.im,available,4.98,12.98,medium,low,10,namecheap,,,23/09/2026 05:17
0df2b1be-07f2-40a8-830e-be917cc3e17b,snitch.im,available,4.98,12.98,high,high,6,namecheap,,,11/08/2026 16:13
42ca0883-0eb4-4cec-b6ab-67a982fd7a87,protest.im,available,7.94,9.26,high,low,7,dynadot,,,30/09/2026 07:47
d1ba5ad2-da51-4c2f-b12f-089a55153588,referenced.im,available,4.98,12.98,high,medium,10,namecheap,,,09/09/2026 12:34
26e81286-f78e-498e-95c9-c521bcf2b72f,australian.im,available,4.98,12.98,high,low,10,namecheap,,,22/09/2026 13:30
731f814f-0fc2-4033-b0bb-7adbd897ef43,barrack.im,available,12.99,12.99,medium,low,7,name.com,,,22/09/2026 07:48
9b73f88c-36ae-48eb-956b-734b15052349,illustrations.im,available,4.18,6.73,medium,low,13,spaceship,,,01/10/2026 15:25
d2a4956b-3927-41dc-9560-fc9049083355,variations.im,available,4.98,12.98,medium,low,10,namecheap,,,18/09/2026 20:13
01923a0f-b581-4d47-94c5-181f82b335b3,martyrs.im,available,7.94,9.26,low,low,7,dynadot,,,30/09/2026 15:31
675c23e3-fbba-4613-8a1e-58061d4d3a14,shelton.im,available,4.98,12.98,medium,low,7,namecheap,,,27/09/2026 01:50
fa27c7f1-fda1-4284-8a8c-3617c8f0752c,alloy.im,available,12.99,12.99,high,low,5,name.com,,,17/09/2026 09:02
c48834ea-b799-43b1-9e4e-09a2e3f42aa5,cantabile.im,available,4.98,12.98,medium,low,9,namecheap,,,11/08/2026 17:38
4c31c9ea-0704-4235-ad28-ec9caa57f0ac,hassium.im,available,4.98,12.98,medium,low,7,namecheap,,,20/09/2026 22:10
7b94a176-a81b-4372-a723-7af092af4f69,nettled.im,available,4.98,12.98,medium,low,7,namecheap,,,
5cae89b3-81ff-428f-8eab-9975c630e880,kagan.im,available,7.94,9.26,medium,low,5,dynadot,,,30/09/2026 12:34
fa84bf89-32b7-419e-80bb-7bca502380e8,adolescent.im,available,,,high,low,10,,,,
e87fd778-a072-4d16-a2dd-ed487878e9e4,distinction.im,available,,,high,low,11,,,,
d54bf426-b958-4562-aac2-98d4faf0f25e,interfere.im,available,4.98,12.98,high,low,9,namecheap,,,28/09/2026 03:20
0a5deb63-d9c4-452e-ab73-1fd62cc8ad65,gettable.im,available,4.98,12.98,medium,low,8,namecheap,,,18/08/2026 23:02
48ab2a2a-4669-4f65-9449-fcf1d465a424,abronia.im,available,4.98,12.98,medium,low,7,namecheap,,,16/09/2026 17:19
7849e2c0-2b11-4fde-9c07-b1e2d4ff5709,winnie.im,available,4.18,6.73,high,low,6,spaceship,,,29/09/2026 09:15
05f0673a-640c-4a7c-b05c-989a79bc61f5,cultivators.im,available,4.18,6.73,medium,low,11,spaceship,,,30/09/2026 00:43
6ac5f5d8-a2c3-46b9-a32b-78bfdf43d6b5,immunology.im,available,7.94,9.26,high,low,10,dynadot,,,30/09/2026 01:58
62da86a5-64fd-4c41-9ce9-f171f03989ca,bister.im,available,4.98,12.98,medium,low,6,namecheap,,,23/09/2026 22:08
720b5446-8ef0-4b3b-bd19-33afca87ccc2,happen.im,available,4.98,12.98,high,low,6,namecheap,,,25/09/2026 06:00
9ad0978f-ac20-4211-ac49-4b9ea84c4781,pinnated.im,available,4.98,12.98,high,medium,8,namecheap,,,08/09/2026 19:49
588624f3-683a-48fc-baf1-e080f1553566,aerogramme.im,available,12.99,12.99,medium,low,10,name.com,,,17/09/2026 13:05
a2f23949-fd61-44e2-9628-3d66a97c9ff3,remediation.im,available,4.18,6.73,high,low,11,spaceship,,,30/09/2026 23:39
1cf31cad-51a0-4f03-af8a-ced945d9c465,grapefruit.im,available,4.98,12.98,high,low,10,namecheap,,,24/09/2026 15:09
748f1890-bbb4-4d2c-b955-a290de6d46e5,derisory.im,available,4.98,12.98,low,low,8,namecheap,,,14/08/2026 02:56
68fa3fa5-f050-435e-94f0-79bd7df44170,jars.im,available,4.18,6.73,medium,low,4,spaceship,,,30/09/2026 07:13
2abfd7a9-7642-43e9-8fd8-c8f4de320f48,epizoon.im,available,4.98,12.98,medium,low,7,namecheap,,,15/08/2026 00:52
a89e2ff3-2cd3-4e36-8c5e-4389a07d61a1,keynesian.im,available,4.98,12.98,medium,low,9,namecheap,,,22/08/2026 15:46
6f48b7e0-aab3-4228-adbb-b9dcc2e5e479,armoracia.im,available,4.98,12.98,medium,low,9,namecheap,,,20/09/2026 07:23
06313511-7408-40af-873d-df6235c27b89,transports.im,available,4.98,12.98,medium,low,10,namecheap,,,20/09/2026 13:26
c256aacb-5b7e-44e4-84f7-d55ac19af181,height.im,available,,,high,low,6,,,,
94aca8bf-7a71-4214-9317-2c4524729a00,nutcase.im,available,4.98,12.98,medium,low,7,namecheap,,,13/08/2026 05:36
5cd5582a-363c-4adf-9331-6a737270eafd,blusher.im,available,4.98,12.98,medium,low,7,namecheap,,,18/09/2026 15:49
3cca85c3-9c65-49a5-83ba-217df55ca2eb,cimarron.im,available,4.98,12.98,high,low,8,namecheap,,,23/09/2026 15:12
02d56125-c67b-4d0a-9ad7-6dbc1ccc742c,sorrows.im,available,4.18,6.73,low,low,7,spaceship,,,01/10/2026 16:36
74a5cc2a-cc22-4990-912d-c6302079fa8d,esteban.im,available,4.18,6.73,high,low,7,spaceship,,,29/09/2026 17:38
2fc6bd98-64b4-4f58-8287-8b7d9a15d76d,cuzco.im,available,4.18,6.73,medium,low,5,spaceship,,,01/10/2026 19:08
19925ff8-307a-425a-a4a2-0781df763871,nipponese.im,available,4.98,12.98,medium,low,9,namecheap,,,22/08/2026 12:24
7f1f1191-df83-43fd-846e-f2158220b170,cimmerian.im,available,4.98,12.98,medium,low,9,namecheap,,,12/08/2026 08:11
7071e931-fe41-42f5-984e-cfe91d0b824c,were.im,available,4.18,6.73,high,low,4,spaceship,,,30/09/2026 22:32
4d45ce8e-10c9-4ad3-93e1-0895ec2042f0,slowness.im,available,4.18,6.73,medium,low,8,spaceship,,,28/09/2026 23:49
329977af-f9ba-48fc-9113-80e08f20a915,sweeping.im,available,4.98,12.98,high,low,8,namecheap,,,11/09/2026 05:31
0200431f-a53f-41a0-a83d-b70fbafe120c,systolic.im,available,4.98,12.98,medium,low,8,namecheap,,,11/09/2026 06:48
d283a833-b5c2-44ed-a821-31da5785efde,acinic.im,available,4.98,12.98,medium,low,6,namecheap,,,
3549ade5-69a9-4254-8d81-81a81c887793,grounds.im,available,4.98,12.98,high,low,7,namecheap,,,24/09/2026 20:34
8fdde4c3-aea4-4482-aaec-0b8cd2a4c68c,bitewing.im,available,4.98,12.98,medium,low,8,namecheap,,,23/09/2026 22:28
a2ee4502-7dc0-4f5c-9b1c-523b11cefd06,mutter.im,available,4.98,12.98,high,low,6,namecheap,,,03/09/2026 11:12
dfb25b87-6e99-48fa-b3bd-55633f9ef8c2,vince.im,available,4.98,12.98,high,low,5,namecheap,,,27/09/2026 07:24
f48f637a-1d74-4b2e-b8d9-70e985169cac,blacking.im,available,4.98,12.98,medium,low,8,namecheap,,,24/09/2026 02:49
4deb984c-a848-4642-aca8-cead8040c816,indifference.im,available,4.98,12.98,high,low,12,namecheap,,,29/09/2026 23:01
4fb09ee2-a9f0-42d8-9874-769d3b19e421,cannoneer.im,available,4.98,12.98,medium,low,9,namecheap,,,20/09/2026 11:44
c89812b2-6a4c-4a30-bdcc-54d564ceb464,leland.im,available,4.18,6.73,medium,low,6,spaceship,,,27/09/2026 21:02
0c8457ef-f5a8-4132-b51b-6306cb2947ed,predecessor.im,available,4.18,6.73,high,low,11,spaceship,,,30/09/2026 11:38
d14cd577-9004-4db4-9635-1f64d69b3c4c,allspice.im,available,4.98,12.98,high,low,8,namecheap,,,18/09/2026 12:10
e72cf872-01b3-4ef4-baf7-9757fe167eb2,fin.im,available,,,high,low,3,,,,
849800c4-5356-448c-9320-38dea941ff56,wide.im,available,,,high,low,4,,,,
7ac23f8a-2b73-4687-9833-7d8176ce5d8f,bohrium.im,available,4.98,12.98,medium,low,7,namecheap,,,20/09/2026 22:07
702289a3-1765-4689-b943-2a97393791e9,softback.im,available,4.98,12.98,high,low,8,namecheap,,,05/09/2026 01:13
51aa1c0f-1b44-4014-ba28-0612ea3fe712,swenson.im,available,4.98,12.98,high,low,7,namecheap,,,01/10/2026 11:58
01e8f681-2b5c-4448-b150-0be9a5007f61,guests.im,available,4.98,12.98,high,low,6,namecheap,,,25/09/2026 17:02
94b87186-50b7-4536-bdca-c915cf1e3243,populated.im,available,4.98,12.98,high,low,9,namecheap,,,08/09/2026 23:55
62d3dc71-806c-4dd2-8864-628961380f4d,raiding.im,available,4.98,12.98,medium,low,7,namecheap,,,24/08/2026 15:45
09623dbd-e087-4126-b13b-8c840974b241,auld.im,available,4.98,12.98,medium,low,4,namecheap,,,07/08/2026 17:21
306b7a41-222a-4ff0-bea0-55f11c372425,damascene.im,available,12.99,12.99,medium,low,9,name.com,,,13/08/2026 16:07
92f61f82-b021-435e-884e-d167ec4dc3f1,sidearm.im,available,4.98,12.98,high,medium,7,namecheap,,,10/09/2026 07:44
316842c5-4f3a-4dad-99d1-c2985d87ff8c,volitional.im,available,4.98,12.98,medium,low,10,namecheap,,,13/09/2026 06:50
a21a6ed1-e36e-4607-81f0-0cf40055d308,donatus.im,available,4.98,12.98,medium,low,7,namecheap,,,17/09/2026 12:26
ff14c28d-b4c6-472e-9bf0-28df354bac7a,notes.im,available,,,high,low,5,,,,
76d91083-6101-4e86-b79a-b8850feed1b9,closure.im,available,4.98,12.98,high,low,7,namecheap,,,24/09/2026 15:56
f960dbca-4498-4cb7-8333-1fac7849a269,dietetic.im,available,4.98,12.98,medium,low,8,namecheap,,,14/08/2026 06:56
1aa60f15-763c-42f2-8e6d-ca9ba8ffa871,handbasket.im,available,12.99,12.99,medium,low,10,name.com,,,22/09/2026 11:03
492ac7fe-3779-43e2-985f-b792ff797394,nitrate.im,available,4.98,12.98,high,low,7,namecheap,,,30/09/2026 18:12
491be4d5-04dd-43f2-a26b-f7f5099bac1c,discal.im,available,4.98,12.98,medium,low,6,namecheap,,,30/09/2026 04:23
1fa53b91-077e-4787-8c85-f84afab0c4ef,weld.im,available,7.92,9.24,high,low,4,dynadot,,,02/10/2026 04:40
54bc028c-0359-43a6-ac64-c19d73c35a2b,rotfl.im,available,12.98,,medium,low,5,namecheap,,,
727061d3-8dff-4034-bbfb-d0f93ab597f5,eldon.im,available,7.94,9.26,medium,low,5,dynadot,,,30/09/2026 04:31
949452bb-e10f-452a-8572-c648324352ac,gordian.im,available,4.98,12.98,medium,low,7,namecheap,,,20/08/2026 17:03
16408a89-059c-4ad6-870f-aca38894b68e,brittany.im,available,4.98,12.98,high,low,8,namecheap,,,27/09/2026 03:23
168dadac-ffdf-4106-a019-d3380ce6a02f,deeper.im,available,4.98,12.98,high,low,6,namecheap,,,17/09/2026 12:06
ac6fe502-2cbd-4222-ac26-4074ddc867df,elton.im,available,7.95,9.28,high,low,5,dynadot,,,27/09/2026 19:29
b0adaa91-fda1-49fd-ad91-d167e3edc34b,bagley.im,available,4.18,6.73,medium,low,6,spaceship,,,29/09/2026 22:22
5122f405-cac3-4167-9a74-8b8d7ecdecf8,christmas.im,available,,,high,low,9,,,,
203d138b-e316-47c1-b97a-ddfebf0cb1c7,moulds.im,available,4.98,12.98,medium,low,6,namecheap,,,20/09/2026 13:57
09a3a664-f334-4056-8e14-74d92602535d,youre.im,available,4.18,6.73,medium,low,5,spaceship,,,02/10/2026 04:15
b7d073b9-556d-401b-823b-128e83111b11,doubter.im,available,4.98,12.98,medium,low,7,namecheap,,,
39542420-b008-4191-9e68-134af7838ab0,floats.im,available,4.18,6.73,medium,low,6,spaceship,,,29/09/2026 23:46
3ca8f750-8c07-4fe3-bf59-116b8816b0b7,sculptures.im,available,7.96,9.28,medium,low,10,dynadot,,,01/10/2026 17:59
2b26d665-8124-4f18-9b0b-e9c80c2d1e42,refusal.im,available,4.18,6.73,medium,low,7,spaceship,,,29/09/2026 02:01
2c684a59-221a-426a-9c6d-aafa23a0436d,scooped.im,available,4.98,12.98,medium,low,7,namecheap,,,17/09/2026 23:31
dfbf119d-ec64-4c68-a138-971bcd771bf9,thames.im,available,7.96,9.28,high,low,6,dynadot,,,01/10/2026 03:33
c04725b2-e90d-4c82-9b2f-0917cac25b6a,could.im,available,4.18,6.73,high,low,5,spaceship,,,30/09/2026 23:37
f7298f87-954d-4411-a11c-5e1795e30e1a,undisciplined.im,available,4.18,6.73,medium,low,13,spaceship,,,01/10/2026 06:56
83796047-fd1b-4e63-811c-2d1147762cce,deafen.im,available,12.99,12.99,medium,low,6,name.com,,,13/08/2026 19:44
97cde767-f11b-442f-87c4-7af894bcd4bd,marshes.im,available,4.18,6.73,medium,low,7,spaceship,,,02/10/2026 03:37
2a455ee0-ed3f-4645-94f0-e86984201053,inert.im,available,4.98,12.98,high,low,5,namecheap,,,22/08/2026 03:57
9a95ac11-f34e-438a-8b6e-fd404dfd6bbe,kemper.im,available,4.18,6.73,high,low,6,spaceship,,,29/09/2026 14:53
2ac0a34c-5261-4984-aac1-dc614ec63492,wish.im,resell,,,high,low,4,,,,25/09/2026 13:40
6d798957-a45c-483d-9389-22ecc18a2ef9,plushy.im,available,4.98,12.98,medium,low,6,namecheap,,,24/08/2026 11:02
a09a8cfb-db84-4f5f-86c3-19ba37768208,southport.im,available,4.98,12.98,medium,low,9,namecheap,,,29/09/2026 04:35
81d0e3af-962c-4982-84e5-986f1513d43a,whammy.im,available,4.98,12.98,medium,low,6,namecheap,,,21/08/2026 07:39
610a7345-9f8e-4bef-9fe9-92cf3469ef92,baeda.im,available,4.98,12.98,medium,low,5,namecheap,,,21/09/2026 17:19
61359d96-54dd-45ec-bcba-f4284390a171,deific.im,available,4.98,12.98,medium,low,6,namecheap,,,14/08/2026 00:13
22f1593d-cc7d-4d9f-a912-e8301603f7f8,graciously.im,available,4.98,12.98,high,low,10,namecheap,,,14/09/2026 21:58
0687c2a3-94dc-4f71-8115-3f101cae1bff,gilliam.im,available,4.18,6.73,medium,low,7,spaceship,,,30/09/2026 13:39
596b8c39-970b-4c00-8f83-1f4b93f59bec,slugs.im,available,4.98,12.98,medium,low,5,namecheap,,,20/09/2026 08:54
f1721bf5-2df6-48b0-a4b7-83f92d061e67,sarawak.im,available,7.94,9.26,high,low,7,dynadot,,,28/09/2026 15:18
9b6fff9d-9de2-444a-8d0d-e58b670ad84d,supposable.im,available,4.98,12.98,high,medium,10,namecheap,,,09/09/2026 01:46
dba68c54-2761-4c39-b51a-f658894bd03f,mazed.im,available,4.98,12.98,medium,low,5,namecheap,,,07/08/2026 12:07
b2f3dbca-c278-45c9-9974-14f83cca0ba3,dictator.im,available,4.98,12.98,medium,low,8,namecheap,,,07/08/2026 19:17
ecdbd36a-4175-4b96-91b8-5485f031e8bc,withdraw.im,available,4.98,12.98,high,low,8,namecheap,,,24/09/2026 19:10
8d73f583-da55-4148-b6af-b5454d7a5880,quotidian.im,available,4.98,12.98,medium,low,9,namecheap,,,17/08/2026 14:57
d21f2615-10eb-446d-8837-c00088c3e4be,nonhuman.im,available,4.98,12.98,medium,low,8,namecheap,,,03/09/2026 19:22
95119df5-d921-4886-83de-fa4042664e16,gamely.im,available,4.98,12.98,medium,low,6,namecheap,,,14/09/2026 21:02
e267bbc2-a823-4bfa-ad71-6bf8f1b7b688,kathy.im,resell,,,high,low,5,,,,27/09/2026 19:14
3100a284-57bb-484e-8eaa-f8cdc8929d8d,beetles.im,available,7.95,9.28,medium,low,7,dynadot,,,29/09/2026 23:12
fc7fc12e-5df2-4b23-8dd5-81377ab2bc61,fossorial.im,available,4.98,12.98,medium,low,9,namecheap,,,18/08/2026 13:21
f3307a50-4817-48c0-ac4d-d591a5dee334,consecutive.im,available,4.18,6.73,medium,low,11,spaceship,,,29/09/2026 04:45
042a98bb-10cd-46ff-8d93-b65eb7ff53b8,execution.im,available,,,high,low,9,,,,
425dcbf5-b92a-43f7-b07f-66cc3510a8e4,swingeing.im,available,4.98,12.98,medium,low,9,namecheap,,,11/09/2026 05:48
8cdfef7c-8762-43ed-b002-4ec4c3d0f4dc,does.im,available,12.98,,medium,low,4,namecheap,,,
b7e5559f-0daa-4c53-9a16-2c621ddc0693,reigning.im,available,4.98,12.98,high,medium,8,namecheap,,,09/09/2026 12:57
d28feeae-5475-4ffb-8551-47ac4379b6a8,hemorrhage.im,available,4.98,12.98,medium,low,10,namecheap,,,24/09/2026 05:28
19d19c39-efa5-4833-a2e6-b25dcf33414b,guffaw.im,available,4.98,12.98,high,low,6,namecheap,,,23/09/2026 06:41
f1688f1d-903b-4c9f-ac6e-9110da938aa8,oncoming.im,available,4.98,12.98,medium,low,8,namecheap,,,04/09/2026 14:27
cde30d44-db3a-4c47-843c-20a9a028f269,biggish.im,available,4.98,12.98,medium,low,7,namecheap,,,09/08/2026 20:33